,ID,Name,Country,Qualification,Semi-Final,Final,Q_Pct,S_Pct,F_Pct
0,1204,KILIAN FISCHHUBER,AUT,56,51,44,100.0,91.07,78.57
1,53,DMITRII SHARAFUTDINOV,RUS,65,53,40,100.0,81.54,61.54
2,60,RUSTAM GELMANOV,RUS,69,56,38,100.0,81.16,55.07
3,2272,KOKORO FUJII,JPN,56,49,28,100.0,87.5,50.0
4,2276,TOMOA NARASAKI,JPN,48,41,27,100.0,85.42,56.25
5,2052,JONGWON CHON,KOR,48,43,27,100.0,89.58,56.25
6,79,ALEKSEY RUBTSOV,RUS,57,50,26,100.0,87.72,45.61
7,436,GUILLAUME GLAIRON MONDET,FRA,62,55,24,100.0,88.71,38.71
8,1559,SEAN MCCOLL,CAN,72,50,23,100.0,69.44,31.94
9,3422,JAN HOJER,GER,62,47,21,100.0,75.81,33.87
10,1214,JAKOB SCHUBERT,AUT,54,38,20,100.0,70.37,37.04
11,1364,ADAM ONDRA,CZE,25,25,20,100.0,100.0,80.0
12,2309,YOSHIYUKI OGATA,JPN,45,34,15,100.0,75.56,33.33
13,2255,TSUKURU HORI,JPN,69,48,15,100.0,69.57,21.74
14,1124,JERNEJ KRUDER,SLO,90,54,15,100.0,60.0,16.67
15,2257,REI SUGIMOTO,JPN,51,44,15,100.0,86.27,29.41
16,849,GABRIELE MORONI,ITA,48,35,12,100.0,72.92,25.0
17,3577,JORG VERHOEVEN,NED,52,37,11,100.0,71.15,21.15
18,4776,MYKHAYLO SHALAGIN,UKR,36,22,9,100.0,61.11,25.0
19,490,MANUEL CORNU,FRA,38,24,9,100.0,63.16,23.68
20,470,JEREMY BONDER,FRA,41,27,9,100.0,65.85,21.95
21,4716,KLEMEN BECAN,SLO,42,26,8,100.0,61.9,19.05
22,9191,STÉPHAN JULIEN,FRA,36,20,7,100.0,55.56,19.44
23,3129,CÉDRIC LACHAT,SUI,19,16,6,100.0,84.21,31.58
24,1138,ANZE PEHARC,SLO,30,18,6,100.0,60.0,20.0
25,1707,DANIEL WOODS,USA,16,13,6,100.0,81.25,37.5
26,2265,KEITA WATABE,JPN,31,14,6,100.0,45.16,19.35
27,11675,MEJDI SCHALCK,FRA,11,9,5,100.0,81.82,45.45
28,1131,GREGOR VEZONIK,SLO,37,17,5,100.0,45.95,13.51
29,2822,JONAS BAUMANN,GER,54,31,5,100.0,57.41,9.26
30,1361,MARTIN STRANIK,CZE,46,19,5,100.0,41.3,10.87
31,3131,YANNICK FLOHÉ,GER,23,16,5,100.0,69.57,21.74
32,1213,DAVID LAMA,AUT,12,10,5,100.0,83.33,41.67
33,4783,AKITO MATSUSHIMA,JPN,13,9,4,100.0,69.23,30.77
34,2291,TOMOAKI TAKATA,JPN,35,22,4,100.0,62.86,11.43
35,4774,STEWART WATSON,GBR,27,16,4,100.0,59.26,14.81
36,2332,KAI HARADA,JPN,21,13,4,100.0,61.9,19.05
37,486,ALBAN LEVIER,FRA,33,20,4,100.0,60.61,12.12
38,4773,LOÏC GAIDIOZ,FRA,29,24,4,100.0,82.76,13.79
39,441,THOMAS CALEYRON,FRA,37,25,4,100.0,67.57,10.81
40,3124,THOMAS TAUPORN,GER,12,9,4,100.0,75.0,33.33
41,1778,NATHANIEL COLEMAN,USA,23,14,4,100.0,60.87,17.39
42,1212,LUKAS ENNEMOSER,AUT,39,19,4,100.0,48.72,10.26
43,523,MICKAEL MAWEM,FRA,39,23,4,100.0,58.97,10.26
44,2482,JAMES KASSAY,AUS,24,13,3,100.0,54.17,12.5
45,1256,NICOLAI UZNIK,AUT,14,9,3,100.0,64.29,21.43
46,547,PAUL JENFT,FRA,7,4,3,100.0,57.14,42.86
47,634,DAVID BARRANS,GBR,59,20,3,100.0,33.9,5.08
48,2385,REI KAWAMATA,JPN,8,6,3,100.0,75.0,37.5
49,4818,EDWARD FEEHALLY,GBR,23,8,3,100.0,34.78,13.04
50,4839,PAUL ROBINSON,USA,4,4,3,100.0,100.0,75.0
51,4726,MATTHIAS MÜLLER,SUI,16,11,3,100.0,68.75,18.75
52,2307,MEICHI NARASAKI,JPN,19,12,3,100.0,63.16,15.79
53,2101,DOHYUN LEE,KOR,8,6,3,100.0,75.0,37.5
54,2334,KEITA DOHI,JPN,19,8,3,100.0,42.11,15.79
55,320,NICOLAS COLLIN,BEL,20,4,2,100.0,20.0,10.0
56,412,JÉRÔME MEYER,FRA,6,6,2,100.0,100.0,33.33
57,2348,YUJI INOUE,JPN,29,18,2,100.0,62.07,6.9
58,2337,TAISEI ISHIMATSU,JPN,16,12,2,100.0,75.0,12.5
59,67,VADIM TIMONOV,RUS,25,10,2,100.0,40.0,8.0
60,2254,SACHI AMMA,JPN,6,4,2,100.0,66.67,33.33
61,4781,FRANCOIS KAISER,FRA,18,8,2,100.0,44.44,11.11
62,3353,STEFAN DANKER,GER,32,16,2,100.0,50.0,6.25
63,5611,NALLE HUKKATAIVAL,FIN,12,6,2,100.0,50.0,16.67
64,688,MAXIMILLIAN MILNE,GBR,10,7,2,100.0,70.0,20.0
65,1741,SEAN BAILEY,USA,25,9,2,100.0,36.0,8.0
66,373,HANNES VAN DUYSEN,BEL,6,2,2,100.0,33.33,33.33
67,402,DANIEL DU LAC,FRA,6,4,2,100.0,66.67,33.33
68,4786,FABIEN COMINA,FRA,8,3,2,100.0,37.5,25.0
69,857,MICHAEL PICCOLRUAZ,ITA,49,17,2,100.0,34.69,4.08
70,432,GÉROME POUVREAU,FRA,16,9,2,100.0,56.25,12.5
71,4150,ROLANDS RUGENS,LAT,42,16,2,100.0,38.1,4.76
72,4905,GARETH PARRY,GBR,17,8,2,100.0,47.06,11.76
73,4463,CHRISTIAN CORE,ITA,24,12,2,100.0,50.0,8.33
74,631,TYLER LANDMAN,GBR,23,11,2,100.0,47.83,8.7
75,4778,LUCAS PRETI,ITA,26,14,2,100.0,53.85,7.69
76,318,SIMON LORENZI,BEL,20,5,2,100.0,25.0,10.0
77,3111,DAVID FIRNENBURG,GER,16,7,2,100.0,43.75,12.5
78,3576,WOUTER JONGENEELEN,NED,39,14,2,100.0,35.9,5.13
79,1929,COLIN DUFFY,USA,11,5,2,100.0,45.45,18.18
80,2033,JABEE KIM,KOR,21,4,1,100.0,19.05,4.76
81,774,MARCO ANTONIO JUBES ANGARITA,ESP,11,2,1,100.0,18.18,9.09
82,5140,ANDREW EARL,GBR,1,1,1,100.0,100.0,100.0
83,811,ALBERTO GINÉS LÓPEZ,ESP,11,3,1,100.0,27.27,9.09
84,3983,ALEX KHAZANOV,ISR,47,13,1,100.0,27.66,2.13
85,2266,RYUICHI MURAI,JPN,10,6,1,100.0,60.0,10.0
86,646,NATHAN PHILLIPS,GBR,39,13,1,100.0,33.33,2.56
87,2846,JAKUB GLOWKA,POL,18,0,1,100.0,0.0,5.56
88,1558,JASON HOLOWACH,CAN,22,5,1,100.0,22.73,4.55
89,1356,TOMÁS MRÁZEK,CZE,6,4,1,100.0,66.67,16.67
90,3579,NICKY DE LEEUW,NED,39,11,1,100.0,28.21,2.56
91,532,SAM AVEZOU,FRA,10,3,1,100.0,30.0,10.0
92,11871,SOHTA AMAGASA,JPN,4,3,1,100.0,75.0,25.0
93,4503,JULIEN MERAL,FRA,9,4,1,100.0,44.44,11.11
94,4299,SASCHA LEHMANN,SUI,20,4,1,100.0,20.0,5.0
95,11535,MATHIEU TERNANT,FRA,5,5,1,100.0,100.0,20.0
96,4844,CHRISTOPHER WEBB-PARSONS,AUS,19,5,1,100.0,26.32,5.26
97,1716,KYLE OWEN,USA,5,2,1,100.0,40.0,20.0
98,3998,NIMROD MARCUS,ISR,24,4,1,100.0,16.67,4.17
99,2833,ANDRZEJ MECHERZYNSKI-WIKTOR,POL,30,10,1,100.0,33.33,3.33
100,4866,VICTOR KOZLOV,RUS,5,3,1,100.0,60.0,20.0
101,2032,SANGWON SON,KOR,6,4,1,100.0,66.67,16.67
102,3991,RAM LEVIN,ISR,22,1,1,100.0,4.55,4.55
103,5869,TATSUYA MURAOKA,JPN,2,1,1,100.0,50.0,50.0
104,89,SERGEI SKORODUMOV,RUS,17,3,1,100.0,17.65,5.88
105,2260,ATSUSHI SHIMIZU,JPN,18,5,1,100.0,27.78,5.56
106,2289,MINORU NAKANO,JPN,8,4,1,100.0,50.0,12.5
107,1472,SERGII TOPISHKO,UKR,34,12,1,100.0,35.29,2.94
108,4788,STANISLAV KLESHNOV,UKR,10,3,1,100.0,30.0,10.0
109,85,SERGEI LUZHETSKII,RUS,16,1,1,100.0,6.25,6.25
110,855,STEFANO GHISOLFI,ITA,16,3,1,100.0,18.75,6.25
111,165,NIKOLAI IARILOVETS,RUS,11,2,1,100.0,18.18,9.09
112,11490,TOBY ROBERTS,GBR,2,1,1,100.0,50.0,50.0
113,1871,ROSS FULKERSON,USA,12,3,1,100.0,25.0,8.33
114,13040,SORATO ANRAKU,JPN,2,1,1,100.0,50.0,50.0
115,4799,BASTIEN GERLAND,FRA,14,1,1,100.0,7.14,7.14
116,13987,RITSU KAYOTANI,JPN,2,2,1,100.0,100.0,50.0
117,2655,MRITYUNJAY SHARMA,IND,1,0,0,100.0,0.0,0.0
118,3903,BENJAMIN AYALA,CHI,3,0,0,100.0,0.0,0.0
119,4079,ALI ŞEN,TUR,1,0,0,100.0,0.0,0.0
120,2650,MANDEEP KODAN,IND,1,0,0,100.0,0.0,0.0
121,4397,DIEGO LEQUERICA BUSCAGLIA,PER,6,0,0,100.0,0.0,0.0
122,4183,SANGAM KC,NEP,1,0,0,100.0,0.0,0.0
123,1897,KYLE STRUTHERS,USA,1,0,0,100.0,0.0,0.0
124,4064,OĞUZ KAAN BEĞEÇ,TUR,1,0,0,100.0,0.0,0.0
125,1896,RYAN COPELAND,USA,1,0,0,100.0,0.0,0.0
126,1732,NICHOLAS PICARELLA,USA,1,0,0,100.0,0.0,0.0
127,1059,GREGORY RAYMOND BORMAN,RSA,1,0,0,100.0,0.0,0.0
128,96,EGOR KRYACHKOV,RUS,3,0,0,100.0,0.0,0.0
129,3938,TEERAPHON BOONDECH,THA,2,0,0,100.0,0.0,0.0
130,1522,YEVHEN TKACHENKO,UKR,1,0,0,100.0,0.0,0.0
131,3931,PHANUPHONG BUNPRAKOP,THA,1,0,0,100.0,0.0,0.0
132,2632,LOKESH RAJAN,IND,1,0,0,100.0,0.0,0.0
133,2656,ABHISHEK MEHTA,IND,1,0,0,100.0,0.0,0.0
134,3901,RONNY ESCOBAR,CHI,6,0,0,100.0,0.0,0.0
135,2622,SURJIT SINGH KANGUJAM,IND,1,0,0,100.0,0.0,0.0
136,4117,MICHAEL SIFAKIS,GRE,1,0,0,100.0,0.0,0.0
137,1055,KATLEHO POBE,RSA,1,0,0,100.0,0.0,0.0
138,2519,NED MIDDLEHURST,AUS,3,0,0,100.0,0.0,0.0
139,3186,VASIL TASEVSKI,MKD,1,0,0,100.0,0.0,0.0
140,487,NICOLAS PELORSON,FRA,7,3,0,100.0,42.86,0.0
141,2331,KAITO WATANABE,JPN,7,2,0,100.0,28.57,0.0
142,480,KENTIN BOULAY,FRA,2,0,0,100.0,0.0,0.0
143,2378,YUTA IMAIZUMI,JPN,3,0,0,100.0,0.0,0.0
144,3982,OR WECHSLER,ISR,1,0,0,100.0,0.0,0.0
145,319,THOMAS SALAKENOS,BEL,3,0,0,100.0,0.0,0.0
146,2620,SOMNATH RAMDAS SHINDE,IND,2,0,0,100.0,0.0,0.0
147,685,AIDAN ROBERTS,GBR,9,1,0,100.0,11.11,0.0
148,2425,VLADISLAV ANGELOV,BUL,3,0,0,100.0,0.0,0.0
149,4444,ABDULLA ALDOSERI,BRU,1,0,0,100.0,0.0,0.0
150,3636,ASHRAF MOHAMMAD SAPRI,SGP,2,0,0,100.0,0.0,0.0
151,3467,KHOSRO HASHEMZADEH,IRI,2,0,0,100.0,0.0,0.0
152,2631,SINGH ADARSH,IND,5,0,0,100.0,0.0,0.0
153,2629,AJIJ SHAIKH,IND,2,0,0,100.0,0.0,0.0
154,2637,IRFAN SHAIKH,IND,2,0,0,100.0,0.0,0.0
155,2621,TUHIN VIKAS SATARKAR,IND,1,0,0,100.0,0.0,0.0
156,2640,VICKY BHALERAO,IND,2,0,0,100.0,0.0,0.0
157,3507,MOHAMMADHOSSEIN SAGHARI,IRI,2,0,0,100.0,0.0,0.0
158,2514,SAM LAVENDER,AUS,5,0,0,100.0,0.0,0.0
159,1581,MATTHEW WELLINGTON,CAN,1,0,0,100.0,0.0,0.0
160,3591,DON VAN LAERE,NED,9,0,0,100.0,0.0,0.0
161,2308,TORU KOFUKUDA,JPN,1,0,0,100.0,0.0,0.0
162,2627,GAURAV KUMAR,IND,4,0,0,100.0,0.0,0.0
163,2535,LIAM HEALY,AUS,7,0,0,100.0,0.0,0.0
164,2306,TAITO NAKAGAMI,JPN,1,0,0,100.0,0.0,0.0
165,2376,YUYA KITAE,JPN,2,0,0,100.0,0.0,0.0
166,4179,PEMBA SHERPA,NEP,1,0,0,100.0,0.0,0.0
167,4178,PRANIL MAN SHRESTHA,NEP,2,0,0,100.0,0.0,0.0
168,4181,SAMAN SHRESTHA,NEP,2,0,0,100.0,0.0,0.0
169,1525,MYKOLA SILEVYCH,UKR,4,0,0,100.0,0.0,0.0
170,2377,HIBIKI YAMAUCHI,JPN,1,0,0,100.0,0.0,0.0
171,4156,VILKS KASPARS,LAT,2,0,0,100.0,0.0,0.0
172,649,JAMES POPE,GBR,8,1,0,100.0,12.5,0.0
173,3634,HAKEEM KASBAN,SGP,5,0,0,100.0,0.0,0.0
174,3163,SANTIAGO CHRISTENSEN,ARG,1,0,0,100.0,0.0,0.0
175,3508,SADRA TORKAMANBOUTORABI,IRI,3,0,0,100.0,0.0,0.0
176,793,MIKEL ASIER LINACISORO MOLINA,ESP,11,0,0,100.0,0.0,0.0
177,1614,ZACH RICHARDSON,CAN,13,0,0,100.0,0.0,0.0
178,3854,THEIS LINDEGREN ELFENBEIN,DEN,15,0,0,100.0,0.0,0.0
179,4084,ZEKI OZAN ATASOY,TUR,1,0,0,100.0,0.0,0.0
180,3791,MANUEL FILIPE CARVALHO,POR,2,0,0,100.0,0.0,0.0
181,3722,STEFAN SCHMIEG,GER,2,0,0,100.0,0.0,0.0
182,2808,TOMI SALO,FIN,3,0,0,100.0,0.0,0.0
183,1627,RAHUL SAPRA,CAN,2,0,0,100.0,0.0,0.0
184,2670,FREDRIK SERLACHIUS,SWE,19,0,0,100.0,0.0,0.0
185,1496,ROMAN BATSENKO,UKR,8,0,0,100.0,0.0,0.0
186,3853,ELIAS EDVARDSEN,DEN,2,0,0,100.0,0.0,0.0
187,3041,KARLO ČUBRIĆ,CRO,2,0,0,100.0,0.0,0.0
188,2826,MAURO NAROSKA,GER,1,0,0,100.0,0.0,0.0
189,4305,GAËTAN MASSONNET,SUI,1,0,0,100.0,0.0,0.0
190,1893,CHARLIE SCHREIBER,USA,2,0,0,100.0,0.0,0.0
191,2195,BALÁZS BAJUSZ,HUN,1,0,0,100.0,0.0,0.0
192,1094,ROWAN TOSELLI,RSA,1,0,0,100.0,0.0,0.0
193,3672,ASHER GAVIN CHIAM KAI CHEN,SGP,4,0,0,100.0,0.0,0.0
194,3360,ALEXEY MOLCHANOV,KAZ,1,0,0,100.0,0.0,0.0
195,2076,YONGSU LEE,KOR,2,0,0,100.0,0.0,0.0
196,4439,WAN I LO,MAC,1,0,0,100.0,0.0,0.0
197,3147,JEAN OURIQUES,BRA,4,0,0,100.0,0.0,0.0
198,2825,JONAS BRANDENBURGER,GER,1,0,0,100.0,0.0,0.0
199,2859,IGOR FOJCIK,POL,1,0,0,100.0,0.0,0.0
200,3889,MARTIN TEKLES,GER,1,0,0,100.0,0.0,0.0
201,1906,SIMON HIBBELER,USA,3,1,0,100.0,33.33,0.0
202,3112,RUBEN FIRNENBURG,GER,3,0,0,100.0,0.0,0.0
203,648,WILLIAM BOSI,GBR,10,1,0,100.0,10.0,0.0
204,3127,MAX KLEESATTEL,GER,16,3,0,100.0,18.75,0.0
205,3872,RASMUS HOLM ESKILDSEN,DEN,1,0,0,100.0,0.0,0.0
206,3834,JOHN JOSEPH VELORIA,PHI,1,0,0,100.0,0.0,0.0
207,923,MATTEO MANZONI,ITA,3,0,0,100.0,0.0,0.0
208,324,ROB DENAYER,BEL,2,0,0,100.0,0.0,0.0
209,3548,MOHAMMADAMIN YAZDIZAD,IRI,3,0,0,100.0,0.0,0.0
210,4163,DOMBROVSKIS ARTŪRS,LAT,2,0,0,100.0,0.0,0.0
211,4074,İSMAİL ÖZTÜRK,TUR,1,0,0,100.0,0.0,0.0
212,2954,DICHONG HUANG,CHN,6,0,0,100.0,0.0,0.0
213,2999,YONGCHENG LIU,CHN,2,0,0,100.0,0.0,0.0
214,3165,GUSTAVO GABRIEL SUAREZ MUNNE,ARG,3,0,0,100.0,0.0,0.0
215,4248,CHRISTOS SOFOKLEOUS,CYP,1,0,0,100.0,0.0,0.0
216,3499,SAEED SAFARI,IRI,2,0,0,100.0,0.0,0.0
217,2084,JONGSEOK SON,KOR,1,0,0,100.0,0.0,0.0
218,4013,GUY LIFSHITZ,ISR,2,0,0,100.0,0.0,0.0
219,3362,AMIR MAIMURATOV,KAZ,2,0,0,100.0,0.0,0.0
220,3367,ALEXEY PANFILOV,KAZ,3,0,0,100.0,0.0,0.0
221,505,LEO AVEZOU,FRA,8,1,0,100.0,12.5,0.0
222,926,ELIAS IAGNEMMA,ITA,3,0,0,100.0,0.0,0.0
223,4324,GIULIANO CAMERONI,SUI,1,0,0,100.0,0.0,0.0
224,3988,YUVAL SARAF,ISR,1,0,0,100.0,0.0,0.0
225,3513,HAMED HEYDARIDOLABI,IRI,3,0,0,100.0,0.0,0.0
226,4073,SARP SAHIN,TUR,2,0,0,100.0,0.0,0.0
227,3095,PATRICK PEDERSEN,NOR,1,0,0,100.0,0.0,0.0
228,1149,ZAN LOVENJAK SUDAR,SLO,18,4,0,100.0,22.22,0.0
229,786,JEROME GONZÁLEZ GUTIÉRREZ,ESP,3,0,0,100.0,0.0,0.0
230,4308,OBED HARDMEIER,SUI,1,0,0,100.0,0.0,0.0
231,336,LUKAS FRANCKAERT,BEL,3,0,0,100.0,0.0,0.0
232,2179,SOMA STROMMER,HUN,5,0,0,100.0,0.0,0.0
233,1064,DAVID NAUDE,RSA,1,0,0,100.0,0.0,0.0
234,2777,MILOS NEMY,SVK,4,0,0,100.0,0.0,0.0
235,4161,PETERIS MEIRANS,LAT,7,0,0,100.0,0.0,0.0
236,3248,KEVIN HUSER,SUI,1,0,0,100.0,0.0,0.0
237,2426,HRISTO ALTANCHEV,BUL,2,0,0,100.0,0.0,0.0
238,1054,OLIVER MARX,RSA,2,0,0,100.0,0.0,0.0
239,3035,KREŠIMIR MORIĆ,CRO,2,0,0,100.0,0.0,0.0
240,6388,LOUIS PARKINSON,GBR,2,0,0,100.0,0.0,0.0
241,1772,KAI LIGHTNER,USA,7,0,0,100.0,0.0,0.0
242,6402,WILLIAM PAIR,USA,1,0,0,100.0,0.0,0.0
243,4197,HÉCTOR ADRIÁN MARTÍNEZ CORDERO,MEX,2,0,0,100.0,0.0,0.0
244,1795,PETER ERARD,USA,3,0,0,100.0,0.0,0.0
245,1606,JAKE TIGER,CAN,4,0,0,100.0,0.0,0.0
246,6401,RYAN SCURFIELD,USA,1,0,0,100.0,0.0,0.0
247,6393,HECTOR LOPEZ VALDEZ,MEX,2,0,0,100.0,0.0,0.0
248,6389,DANIEL FISHER,AUS,2,0,0,100.0,0.0,0.0
249,1794,SHAWN RABOUTOU,USA,5,1,0,100.0,20.0,0.0
250,2064,YOUNGHYUN KIM,KOR,2,0,0,100.0,0.0,0.0
251,6408,JEKYOUNG HYUN,KOR,2,0,0,100.0,0.0,0.0
252,2062,HYUNJAE KIM,KOR,2,0,0,100.0,0.0,0.0
253,6407,KANAT EGIZBAYEV,KAZ,1,0,0,100.0,0.0,0.0
254,6406,TZU-HSIANG CHIN,TPE,2,0,0,100.0,0.0,0.0
255,6367,DAEHYEON KWON,KOR,1,0,0,100.0,0.0,0.0
256,6403,ALEJANDRO MARTINEZ CORDERO,MEX,2,0,0,100.0,0.0,0.0
257,6404,RYAN WITHEY,USA,1,0,0,100.0,0.0,0.0
258,1603,SHAUN HUNTER,CAN,4,0,0,100.0,0.0,0.0
259,1604,JESSE TAPLIN,CAN,2,0,0,100.0,0.0,0.0
260,2939,DINGGUO WANG,CHN,2,0,0,100.0,0.0,0.0
261,2947,YUFEI PAN,CHN,24,3,0,100.0,12.5,0.0
262,3624,MOHD HAZLEE,SGP,1,0,0,100.0,0.0,0.0
263,4437,WAN TONG LOK,MAC,12,0,0,100.0,0.0,0.0
264,3258,YULIANTO ABUDZAR,INA,1,0,0,100.0,0.0,0.0
265,2226,HEI-YEUNG LAM,HKG,12,0,0,100.0,0.0,0.0
266,2959,ZHOUWEN HUANG,CHN,3,0,0,100.0,0.0,0.0
267,6461,BRYAN MÉRIDA,GUA,1,0,0,100.0,0.0,0.0
268,6396,BENJAMIN FENTON,CAN,1,0,0,100.0,0.0,0.0
269,6395,DMITRI KARAMAN,CAN,1,0,0,100.0,0.0,0.0
270,6392,ANDREW FUNK,CAN,1,0,0,100.0,0.0,0.0
271,1586,NATHAN SMITH,CAN,11,0,0,100.0,0.0,0.0
272,1060,ADAM LUDFORD,RSA,2,0,0,100.0,0.0,0.0
273,1607,JULIEN BOURASSA-MOREAU,CAN,3,0,0,100.0,0.0,0.0
274,6390,VILLE TIUKUVAARA,CAN,1,0,0,100.0,0.0,0.0
275,6405,YEO MARCUS,SGP,2,0,0,100.0,0.0,0.0
276,3496,SEYED REZA CHASHI,IRI,5,0,0,100.0,0.0,0.0
277,4155,DANILA YAMCHUK,LAT,6,0,0,100.0,0.0,0.0
278,3159,SANTIAGO SCHMIDT,ARG,3,0,0,100.0,0.0,0.0
279,2508,BEN ABEL,AUS,20,0,0,100.0,0.0,0.0
280,1403,JAKUB JEDLICKA,CZE,6,0,0,100.0,0.0,0.0
281,6391,SEBASTIAN M MONTES,ARG,3,0,0,100.0,0.0,0.0
282,906,DANILO MARCHIONNE,ITA,1,0,0,100.0,0.0,0.0
283,2492,JARRED JORDAN,AUS,1,0,0,100.0,0.0,0.0
284,1365,ROMAN KUCERA,CZE,6,0,0,100.0,0.0,0.0
285,308,STEPHANE HANSSENS,BEL,6,0,0,100.0,0.0,0.0
286,313,LUKAS GEUKENS,BEL,12,0,0,100.0,0.0,0.0
287,780,POL ROCA LOPEZ,ESP,9,0,0,100.0,0.0,0.0
288,2493,CAMPBELL HARRISON,AUS,11,0,0,100.0,0.0,0.0
289,6423,MATS HABERMANN,GER,1,0,0,100.0,0.0,0.0
290,1234,GEORG PARMA,AUT,21,0,0,100.0,0.0,0.0
291,6422,SAMUEL OMETZ,SUI,1,0,0,100.0,0.0,0.0
292,1245,JAN-LUCA POSCH,AUT,24,1,0,100.0,4.17,0.0
293,6421,PAWEL JELONEK,POL,1,0,0,100.0,0.0,0.0
294,3126,KIM MARSCHNER,GER,16,1,0,100.0,6.25,0.0
295,799,NAZARET CALVENTE SANTANA,ESP,2,0,0,100.0,0.0,0.0
296,2214,KA-CHUN YAU,HKG,20,0,0,100.0,0.0,0.0
297,3777,MAX PRINZ,GER,11,0,0,100.0,0.0,0.0
298,2217,CHI-FUNG AU,HKG,22,0,0,100.0,0.0,0.0
299,2048,SUNGJOON CHAE,KOR,5,0,0,100.0,0.0,0.0
300,4076,EFE CAN SEVIL,TUR,4,0,0,100.0,0.0,0.0
301,1519,ANTON KUKHAR,UKR,5,0,0,100.0,0.0,0.0
302,6431,BARIS GUVENC,TUR,1,0,0,100.0,0.0,0.0
303,4247,CHARALAMPOS GEMENETZI,CYP,4,0,0,100.0,0.0,0.0
304,2728,KÁROLY-CSABA SZŐCS,ROU,5,0,0,100.0,0.0,0.0
305,6430,HOSSEIN SADEGHIMAHANI,IRI,1,0,0,100.0,0.0,0.0
306,6429,MICHALIS IOANNOU,CYP,1,0,0,100.0,0.0,0.0
307,6427,YUVAL SIMHY,ISR,1,0,0,100.0,0.0,0.0
308,6426,ROGELIO AMIL,ARG,1,0,0,100.0,0.0,0.0
309,6425,FRANCISCO SANCHEZ TRAPES,ARG,1,0,0,100.0,0.0,0.0
310,4068,ARDA KADIR URULUER,TUR,3,0,0,100.0,0.0,0.0
311,6394,NICOLAS PACHECO,ARG,3,0,0,100.0,0.0,0.0
312,776,JAVIER CANO BLAZQUEZ,ESP,15,0,0,100.0,0.0,0.0
313,1622,KIN WAH LAI,CAN,2,0,0,100.0,0.0,0.0
314,3368,YERZHAN BEISEMBAYEV,KAZ,1,0,0,100.0,0.0,0.0
315,327,ARNAUD ANSION,BEL,5,0,0,100.0,0.0,0.0
316,4191,LUIS CHÁVEZ,GUA,1,0,0,100.0,0.0,0.0
317,4186,HECTOR MEJIA,GUA,1,0,0,100.0,0.0,0.0
318,3781,JOÃO EVORA,POR,4,0,0,100.0,0.0,0.0
319,3062,ROLF -MARTIN BJØRNGAARD,NOR,3,0,0,100.0,0.0,0.0
320,745,MAXWELL AYRTON,GBR,3,0,0,100.0,0.0,0.0
321,2687,KRISTOFFER LINDBÄCK,SWE,5,0,0,100.0,0.0,0.0
322,2729,CONSTANTIN TOMA,ROU,1,0,0,100.0,0.0,0.0
323,3519,MAJID SHOKATMOGHADAM,IRI,1,0,0,100.0,0.0,0.0
324,3625,HO RON,SGP,1,0,0,100.0,0.0,0.0
325,3852,FREDERIK ZEILBERGER THULSTRUP,DEN,1,0,0,100.0,0.0,0.0
326,3786,RICARDO COIMBRA,POR,3,0,0,100.0,0.0,0.0
327,1580,TRISTEN GOSSELIN,CAN,1,0,0,100.0,0.0,0.0
328,4329,ANTON SCHRAMM,GER,2,0,0,100.0,0.0,0.0
329,3511,HOSSEIN FAMILROHANI,IRI,13,0,0,100.0,0.0,0.0
330,2525,JOSEF SUNDAKOV-KRUMINS,AUS,5,0,0,100.0,0.0,0.0
331,924,DAVID PICCOLRUAZ,ITA,2,0,0,100.0,0.0,0.0
332,2223,TSUN-TING IP,HKG,3,0,0,100.0,0.0,0.0
333,4115,GEORGIOS BERNIDAKIS,GRE,2,0,0,100.0,0.0,0.0
334,1759,MARTIN KUHNEL,USA,2,0,0,100.0,0.0,0.0
335,1841,DENVER LA MONT,USA,1,0,0,100.0,0.0,0.0
336,1228,BERNHARD RÖCK,AUT,1,0,0,100.0,0.0,0.0
337,3038,IVAN PEVEC,CRO,3,0,0,100.0,0.0,0.0
338,1238,ANDREAS AUFSCHNAITER,AUT,1,0,0,100.0,0.0,0.0
339,912,FILIP SCHENK,ITA,9,0,0,100.0,0.0,0.0
340,1624,SCOTT WILLIAMS,CAN,1,0,0,100.0,0.0,0.0
341,1821,ALEX PEARLSTEIN,USA,1,0,0,100.0,0.0,0.0
342,4189,ERICK MORALES,GUA,1,0,0,100.0,0.0,0.0
343,1823,TRISTAN CHEN,USA,2,0,0,100.0,0.0,0.0
344,1809,LUKE MUEHRING,USA,2,0,0,100.0,0.0,0.0
345,1822,JONATHON GONZALEZ,USA,1,0,0,100.0,0.0,0.0
346,1799,DALTON BUNKER,USA,1,0,0,100.0,0.0,0.0
347,1748,COLE SKINNER,USA,1,0,0,100.0,0.0,0.0
348,1820,PALMER LARSEN,USA,6,0,0,100.0,0.0,0.0
349,1819,WILL ANGLIN,USA,1,0,0,100.0,0.0,0.0
350,3188,VIKTOR TRPOVSKI,MKD,4,0,0,100.0,0.0,0.0
351,3851,THOMAS HOLM BLAABJERG,DEN,3,0,0,100.0,0.0,0.0
352,3989,YUVAL SHEMLA,ISR,14,1,0,100.0,7.14,0.0
353,3276,SUFRIYANTO RINDI,INA,1,0,0,100.0,0.0,0.0
354,1135,MARTIN BERGANT,SLO,3,0,0,100.0,0.0,0.0
355,816,SERGIO PASTOR MARTÍNEZ,ESP,14,0,0,100.0,0.0,0.0
356,4306,NILS FAVRE,SUI,28,1,0,100.0,3.57,0.0
357,2801,ILARI JUHO KELLONIEMI,FIN,7,0,0,100.0,0.0,0.0
358,3205,MATTHIAS KÖNIG,SUI,3,0,0,100.0,0.0,0.0
359,1241,FLORIAN KLINGLER,AUT,19,1,0,100.0,5.26,0.0
360,2149,CHUN-HSIANG WANG,TPE,7,0,0,100.0,0.0,0.0
361,2140,JIUN-JIE TZENG,TPE,1,0,0,100.0,0.0,0.0
362,2345,JUN SHIBANUMA,JPN,1,0,0,100.0,0.0,0.0
363,2333,HAYATO NAKAMURA,JPN,1,0,0,100.0,0.0,0.0
364,2338,RYOHEI KAMEYAMA,JPN,4,0,0,100.0,0.0,0.0
365,2301,YUKI HADA,JPN,7,2,0,100.0,28.57,0.0
366,2271,NAOKI SHIMATANI,JPN,2,1,0,100.0,50.0,0.0
367,2347,TOMOKI MUSHA,JPN,2,0,0,100.0,0.0,0.0
368,2346,YUTA KOBATA,JPN,1,0,0,100.0,0.0,0.0
369,14018,YUNCHAN SONG,KOR,1,0,0,100.0,0.0,0.0
370,1758,BENJAMIN HANNA,USA,17,1,0,100.0,5.88,0.0
371,2428,PETAR IVANOV,BUL,5,0,0,100.0,0.0,0.0
372,4333,ANSELM OBERDORFER,GER,1,0,0,100.0,0.0,0.0
373,4322,REMO LEHMANN,SUI,1,0,0,100.0,0.0,0.0
374,3125,SEBASTIAN HALENKE,GER,1,0,0,100.0,0.0,0.0
375,2667,HANNES PUMAN,SWE,22,0,0,100.0,0.0,0.0
376,4442,FALCO FILOTTO,BOT,3,0,0,100.0,0.0,0.0
377,2014,CHRISTOPH HANKE,GER,4,0,0,100.0,0.0,0.0
378,2507,ALISTAIR EARLEY,AUS,5,0,0,100.0,0.0,0.0
379,2854,ADRIAN CHMIALA,POL,1,0,0,100.0,0.0,0.0
380,875,ALESSANDRO PALMA,ITA,7,0,0,100.0,0.0,0.0
381,502,JULES NICOULEAU BOURLES,FRA,4,0,0,100.0,0.0,0.0
382,2591,CIARÁN SCANLON,IRL,10,0,0,100.0,0.0,0.0
383,93,DMITRII FAKIRIANOV,RUS,3,0,0,100.0,0.0,0.0
384,2730,RÓBERT SÁNTHA,ROU,4,0,0,100.0,0.0,0.0
385,1796,CHRISTOPHER SMITH,USA,3,0,0,100.0,0.0,0.0
386,1621,WILL JOHNSON,CAN,5,0,0,100.0,0.0,0.0
387,1415,OLDRICH KLAPAL,CZE,3,0,0,100.0,0.0,0.0
388,803,SERGIO VERDASCO URIZAL,ESP,11,0,0,100.0,0.0,0.0
389,765,PHILIPP MARTIN,GER,14,2,0,100.0,14.29,0.0
390,525,CLEMENT OZUN,FRA,1,0,0,100.0,0.0,0.0
391,1384,VOJTECH TROJAN,CZE,3,0,0,100.0,0.0,0.0
392,8861,FABIAN FÖRANDER,SWE,2,0,0,100.0,0.0,0.0
393,12857,ALEXANDRU OLTEANU,ROU,1,0,0,100.0,0.0,0.0
394,4391,ROMAN SIVAKOV,LTU,1,0,0,100.0,0.0,0.0
395,818,ENEKO CARRETERO CRUZ,ESP,2,0,0,100.0,0.0,0.0
396,12508,JAKUB FÁBRIC,SVK,1,0,0,100.0,0.0,0.0
397,12346,MATEI MUNTEANU,ROU,1,0,0,100.0,0.0,0.0
398,13853,DYLAN PARKS,AUS,2,0,0,100.0,0.0,0.0
399,1340,DAVID ZINSLER,AUT,2,0,0,100.0,0.0,0.0
400,11847,OSCAR BAUDRAND,CAN,10,0,0,100.0,0.0,0.0
401,11832,AO YURIKUSA,JPN,1,0,0,100.0,0.0,0.0
402,11837,CHRISTIAN WAGNER,CHI,4,0,0,100.0,0.0,0.0
403,11572,ILLIA BAKHMET-SMOLENSKYI,UKR,1,0,0,100.0,0.0,0.0
404,11481,JOHANNES EGGER,ITA,1,0,0,100.0,0.0,0.0
405,3084,ALBERT ILSAAS SUTHURST,NOR,1,0,0,100.0,0.0,0.0
406,2894,JAKUB ZIETEK,POL,5,0,0,100.0,0.0,0.0
407,911,PIETRO BIAGINI,ITA,1,0,0,100.0,0.0,0.0
408,1317,LAWRENCE BOGESCHDORFER,AUT,2,0,0,100.0,0.0,0.0
409,12803,FREDE RASMUSSEN,DEN,1,0,0,100.0,0.0,0.0
410,13029,DILLON COUNTRYMAN,USA,2,0,0,100.0,0.0,0.0
411,2335,KATSURA KONISHI,JPN,1,0,0,100.0,0.0,0.0
412,11766,SAMUEL STEFANIK,SVK,1,0,0,100.0,0.0,0.0
413,2121,WONWOO HAN,KOR,3,0,0,100.0,0.0,0.0
414,12018,SAMUEL CARLOS DA SILVA,BRA,1,0,0,100.0,0.0,0.0
415,11855,VIN SUKAPANPOTHARAM,THA,1,0,0,100.0,0.0,0.0
416,11881,PEDRO EGG,BRA,1,0,0,100.0,0.0,0.0
417,3940,NICHOL TOMAS,THA,1,0,0,100.0,0.0,0.0
418,2597,MICHAEL O'NEILL,IRL,7,0,0,100.0,0.0,0.0
419,1646,GUY MCNAMEE,CAN,8,1,0,100.0,12.5,0.0
420,12074,RADIN FOROUGHIAN,IRI,3,0,0,100.0,0.0,0.0
421,12032,ISAAC LEFF,USA,1,0,0,100.0,0.0,0.0
422,696,HAMISH MCARTHUR,GBR,8,5,0,100.0,62.5,0.0
423,11886,QUINN O'FRANCIA,USA,1,0,0,100.0,0.0,0.0
424,652,ALEX WATERHOUSE,GBR,7,0,0,100.0,0.0,0.0
425,1925,STEFAN FELLNER,USA,1,0,0,100.0,0.0,0.0
426,2787,FILIP HROMADA,SVK,1,0,0,100.0,0.0,0.0
427,2812,MIKAEL SUIHKONEN,FIN,2,0,0,100.0,0.0,0.0
428,554,EMILIEN CASADO,FRA,1,0,0,100.0,0.0,0.0
429,2586,JIM ZEIMES,LUX,2,0,0,100.0,0.0,0.0
430,3528,MATIN BAYAT,IRI,1,0,0,100.0,0.0,0.0
431,11531,DAVID ZAVACKY,SVK,1,0,0,100.0,0.0,0.0
432,1418,SIMON POTUCEK,CZE,4,0,0,100.0,0.0,0.0
433,2763,TOMAS PLEVKO,SVK,3,0,0,100.0,0.0,0.0
434,1513,LEONID OSADCHYI,UKR,5,0,0,100.0,0.0,0.0
435,12230,EMIL ABRAHAMSSON,SWE,6,0,0,100.0,0.0,0.0
436,4028,CARMEL RAZ ROMEO,ISR,6,0,0,100.0,0.0,0.0
437,4019,GEVA LEVIN,ISR,7,1,0,100.0,14.29,0.0
438,4168,EDVARDS GRUZITIS,LAT,9,2,0,100.0,22.22,0.0
439,11520,KEIT NURGA,EST,1,0,0,100.0,0.0,0.0
440,12437,PJAHNS ROMANS,LAT,1,0,0,100.0,0.0,0.0
441,4192,CRISTIAN LANUZA,GUA,1,0,0,100.0,0.0,0.0
442,11534,THEOFANIS-ERMIS THEOCHAROPOULOS,GRE,3,0,0,100.0,0.0,0.0
443,11528,SARUNAS OBERAUSKAS,LTU,1,0,0,100.0,0.0,0.0
444,11529,VLAD CRISTIAN,ROU,1,0,0,100.0,0.0,0.0
445,11518,FREDERIK VIBERG CHRISTIANSEN,DEN,4,0,0,100.0,0.0,0.0
446,11533,VICTOR SEBROS,GRE,2,0,0,100.0,0.0,0.0
447,11522,MARKUS MUINONEN,FIN,1,0,0,100.0,0.0,0.0
448,1449,STEPAN POTUCEK,CZE,3,0,0,100.0,0.0,0.0
449,11018,EDUARDAS JERIOMENKO,LTU,2,0,0,100.0,0.0,0.0
450,4283,JULIEN CLÉMENCE,SUI,9,0,0,100.0,0.0,0.0
451,546,PIERRE LE CERF,FRA,1,0,0,100.0,0.0,0.0
452,801,ANDONI ESPARTA FRADE,ESP,1,0,0,100.0,0.0,0.0
453,838,LLUC MACIÀ LLOBET,ESP,2,0,0,100.0,0.0,0.0
454,1279,STEPHAN REST,AUT,2,0,0,100.0,0.0,0.0
455,2430,FILIP DONCHEV,BUL,1,0,0,100.0,0.0,0.0
456,1437,MAREK JELIGA,CZE,3,0,0,100.0,0.0,0.0
457,4378,JORIS LEIPUS,LTU,5,0,0,100.0,0.0,0.0
458,2191,ÁDÁM BAKURECZ,HUN,2,0,0,100.0,0.0,0.0
459,12456,ROSEN RUEV,BUL,5,0,0,100.0,0.0,0.0
460,1277,LOUIS GUNDOLF,AUT,1,0,0,100.0,0.0,0.0
461,2677,LOVE YMER ALBER,SWE,2,0,0,100.0,0.0,0.0
462,356,TIES VANCRAEYNEST,BEL,2,0,0,100.0,0.0,0.0
463,2201,NIMRÓD SEBESTYÉN TUSNÁDY,HUN,4,0,0,100.0,0.0,0.0
464,12459,AXEL LINDFORS,FIN,6,0,0,100.0,0.0,0.0
465,953,DAVIDE MARCO COLOMBO,ITA,1,0,0,100.0,0.0,0.0
466,2202,ATTILA ZSOMBOR RADICS,HUN,3,0,0,100.0,0.0,0.0
467,4091,MUHAMMET ALİ KESKİN,TUR,1,0,0,100.0,0.0,0.0
468,12999,FERHAT BEKMEZ,TUR,1,0,0,100.0,0.0,0.0
469,814,ALEJANDRO CRESPO COBOS,ESP,7,0,0,100.0,0.0,0.0
470,11636,IOANNIS-FILIPPOS NOEL-BAKER,GRE,1,0,0,100.0,0.0,0.0
471,13030,HUGO HOYER,USA,1,0,0,100.0,0.0,0.0
472,2240,CHEUK-NAM WONG,HKG,1,0,0,100.0,0.0,0.0
473,1332,MAXIMILIAN LENZ,AUT,1,0,0,100.0,0.0,0.0
474,2816,ILMARI PIIROINEN,FIN,1,0,0,100.0,0.0,0.0
475,1095,MEL JANSE VAN RENSBURG,RSA,1,0,0,100.0,0.0,0.0
476,2434,MATEY MITSEV,BUL,1,0,0,100.0,0.0,0.0
477,12439,PER RAVLO-CASPERSEN,NOR,1,0,0,100.0,0.0,0.0
478,13594,JINBIN HUANG,CHN,3,0,0,100.0,0.0,0.0
479,4381,IGNAS KISIELIUS,LTU,2,0,0,100.0,0.0,0.0
480,2061,SHINYEONG YUN,KOR,3,0,0,100.0,0.0,0.0
481,3066,LEO KETIL BØE,NOR,1,0,0,100.0,0.0,0.0
482,3607,PAUL BRAND,NED,1,0,0,100.0,0.0,0.0
483,12500,ILJA AUERSPERG,AUT,1,0,0,100.0,0.0,0.0
484,13147,SUNGSU LEE,KOR,4,0,0,100.0,0.0,0.0
485,12054,MATIAS OCHOA MARCOS,ARG,2,0,0,100.0,0.0,0.0
486,10965,NICOLAS SALABERRY,ARG,2,0,0,100.0,0.0,0.0
487,11400,MAN-HEI CHUNG,HKG,1,0,0,100.0,0.0,0.0
488,3169,VALENTIN STERNIK,ARG,1,0,0,100.0,0.0,0.0
489,3100,TEODOR KIRKEBØ,NOR,1,0,0,100.0,0.0,0.0
490,1690,IVAN LUO,CAN,1,0,0,100.0,0.0,0.0
491,14314,DAIKI SANO,JPN,2,0,0,100.0,0.0,0.0
492,13553,MINSUNG HAN,KOR,2,0,0,100.0,0.0,0.0
493,13548,MUHAMMAD FERZA FERNADA ABDI,INA,1,0,0,100.0,0.0,0.0
494,2120,SUNGHOON PARK,KOR,1,0,0,100.0,0.0,0.0
495,13149,SUNGJOON CHAE,KOR,1,0,0,100.0,0.0,0.0
496,13635,JORGE LOREDO DURAN,MEX,1,0,0,100.0,0.0,0.0
497,12915,TERENCE SARAMANDIF,MRI,1,0,0,100.0,0.0,0.0
498,13636,JOSÉ ALEJANDRO SAUCEDA RODRÍGUEZ,MEX,2,0,0,100.0,0.0,0.0
499,11211,LUCAS PEDROZA DIAZ DE LEÓN,MEX,2,0,0,100.0,0.0,0.0
500,13627,ARDCH INTRACHUPONGSE,THA,4,0,0,100.0,0.0,0.0
501,3665,LUKE GOH WEN BIN,SGP,5,0,0,100.0,0.0,0.0
502,2004,ELLIS ERNSBERGER,USA,1,0,0,100.0,0.0,0.0
503,13686,MICHAIL VOLYRAKIS,GRE,1,0,0,100.0,0.0,0.0
504,12292,ALEX KIECHLE-CORNISH,NZL,1,0,0,100.0,0.0,0.0
505,12920,VASIL VASSILEV,BUL,1,0,0,100.0,0.0,0.0
506,3170,JOAQUIN PIRIZ,ARG,2,0,0,100.0,0.0,0.0
507,12665,OLEKSII TYTARENKO,UKR,2,0,0,100.0,0.0,0.0
508,11846,JUNTA SEKIGUCHI,JPN,1,0,0,100.0,0.0,0.0
509,1644,VICTOR BAUDRAND,CAN,8,1,0,100.0,12.5,0.0
510,3252,LOUIS GUIGNARD,SUI,1,0,0,100.0,0.0,0.0
511,2203,GERGŐ VÁLYI,HUN,2,0,0,100.0,0.0,0.0
512,11501,YAN JAKOB,SUI,1,0,0,100.0,0.0,0.0
513,12815,PIETRO VIDI,ITA,2,0,0,100.0,0.0,0.0
514,2851,PIOTR SCHAB,POL,1,0,0,100.0,0.0,0.0
515,518,ADRIEN LEMAIRE,FRA,2,0,0,100.0,0.0,0.0
516,11500,SLAV KIROV,BUL,4,0,0,100.0,0.0,0.0
517,11390,SATONE YOSHIDA,JPN,5,1,0,100.0,20.0,0.0
518,11402,TSZ-KIU LAU,HKG,1,0,0,100.0,0.0,0.0
519,13320,KENTO YAMAGUCHI,JPN,5,1,0,100.0,20.0,0.0
520,13122,TİMUR TAŞ,TUR,1,0,0,100.0,0.0,0.0
521,12310,JOSHUA BRUYNS,RSA,2,0,0,100.0,0.0,0.0
522,10482,JONAS LEFFECK,BRA,1,0,0,100.0,0.0,0.0
523,1511,YAROSLAV TKACH,UKR,1,0,0,100.0,0.0,0.0
524,3214,AARON PEÑARANDA,ECU,1,0,0,100.0,0.0,0.0
525,13106,ALEX MENDES JÚNIOR,BRA,1,0,0,100.0,0.0,0.0
526,12329,NIKOLAY RUSEV,BUL,5,1,0,100.0,20.0,0.0
527,3778,LASSE VON FREIER,GER,3,0,0,100.0,0.0,0.0
528,3883,JONAS UTELLI,SUI,1,0,0,100.0,0.0,0.0
529,4327,VIVIAN FUMEAUX,SUI,1,0,0,100.0,0.0,0.0
530,1663,ETHAN HOFFMAN,CAN,1,0,0,100.0,0.0,0.0
531,11859,DOHYEON KIM,KOR,4,0,0,100.0,0.0,0.0
532,11382,YONGCHEN CHEN,CHN,2,0,0,100.0,0.0,0.0
533,2601,MARK SCANLON,IRL,3,0,0,100.0,0.0,0.0
534,989,MICHELE BONO,ITA,1,0,0,100.0,0.0,0.0
535,4046,YOTAM BEN REUVEN,ISR,5,0,0,100.0,0.0,0.0
536,11836,MATEUS RODRIGUES BELLOTTO,BRA,5,0,0,100.0,0.0,0.0
537,3153,PEDRO AVELAR,BRA,2,0,0,100.0,0.0,0.0
538,4016,AMIAD LIPMAN,ISR,2,0,0,100.0,0.0,0.0
539,12460,TUUKKA SIMONEN,FIN,2,0,0,100.0,0.0,0.0
540,3861,ANTON YOUNG HONG NIELSEN,DEN,4,0,0,100.0,0.0,0.0
541,12903,RODRIGO IASI HANADA,BRA,7,0,0,100.0,0.0,0.0
542,1749,JESSE GRUPPER,USA,7,0,0,100.0,0.0,0.0
543,12981,IMAN AREZEH,IRI,1,0,0,100.0,0.0,0.0
544,2874,OLAF MALINOWSKI,POL,1,0,0,100.0,0.0,0.0
545,2678,SAMUEL WINGARDH,SWE,1,0,0,100.0,0.0,0.0
546,11530,VLADISLAV BUDNIK,RUS,1,0,0,100.0,0.0,0.0
547,3569,POUYA SHAFENEJAD,IRI,2,0,0,100.0,0.0,0.0
548,1926,ZACH GALLA,USA,14,1,0,100.0,7.14,0.0
549,4041,DANIEL KRULWICH,ISR,1,0,0,100.0,0.0,0.0
550,3220,NICKOLAIE RIVADENEIRA,ECU,4,0,0,100.0,0.0,0.0
551,3222,GALO HERNANDEZ,ECU,3,0,0,100.0,0.0,0.0
552,1958,DANIEL BEALL,USA,1,0,0,100.0,0.0,0.0
553,3211,CARLOS GRANJA,ECU,10,0,0,100.0,0.0,0.0
554,1723,NOAH RIDGE,USA,1,0,0,100.0,0.0,0.0
555,1959,KEENAN TAKAHASHI,USA,1,0,0,100.0,0.0,0.0
556,1949,MATT FULTZ,USA,2,1,0,100.0,50.0,0.0
557,3727,CHASE GATLAND,NZL,5,0,0,100.0,0.0,0.0
558,2849,RAFAL HALASA,POL,1,0,0,100.0,0.0,0.0
559,103,SERGEI BYDTAEV,RUS,1,0,0,100.0,0.0,0.0
560,3830,IMAN MORA,PHI,1,0,0,100.0,0.0,0.0
561,2392,YUKI NAJIMA,JPN,1,0,0,100.0,0.0,0.0
562,2148,CHING HUEI CHANG,TPE,2,0,0,100.0,0.0,0.0
563,2146,CHIA HSIANG LIN,TPE,5,0,0,100.0,0.0,0.0
564,3640,PAUL EMMANUEL RYAN,SGP,3,0,0,100.0,0.0,0.0
565,2273,KEIICHIRO KORENAGA,JPN,2,0,0,100.0,0.0,0.0
566,3651,MARK CHAN CHONG KIAT,SGP,4,0,0,100.0,0.0,0.0
567,865,LUDOVICO FOSSALI,ITA,12,0,0,100.0,0.0,0.0
568,3728,GEORGE SANDERS,NZL,6,0,0,100.0,0.0,0.0
569,2767,PETER KURIC,SVK,4,1,0,100.0,25.0,0.0
570,1505,OLEKSII KRYNETSKYI,UKR,1,0,0,100.0,0.0,0.0
571,4436,RASMUS HÜDSI,EST,2,0,0,100.0,0.0,0.0
572,1170,LUKA POTOCAR,SLO,5,0,0,100.0,0.0,0.0
573,3899,BORJA FARAH,CHI,1,0,0,100.0,0.0,0.0
574,2991,HUALONG SONG,CHN,1,0,0,100.0,0.0,0.0
575,856,LEONARDO GONTERO,ITA,1,0,0,100.0,0.0,0.0
576,861,ALESSANDRO SANTONI,ITA,1,0,0,100.0,0.0,0.0
577,2094,DONGHYEON KIM,KOR,1,0,0,100.0,0.0,0.0
578,2065,SEONGMIN EOM,KOR,1,0,0,100.0,0.0,0.0
579,2045,HONGIL KIM,KOR,1,0,0,100.0,0.0,0.0
580,1686,KYE WOTTON,CAN,2,0,0,100.0,0.0,0.0
581,3736,SAMUEL MUNDAY,NZL,2,0,0,100.0,0.0,0.0
582,3726,TYLER FLEURY,NZL,2,0,0,100.0,0.0,0.0
583,2845,MARCIN DZIENSKI,POL,8,0,0,100.0,0.0,0.0
584,1875,CHARLES BARRON,USA,6,1,0,100.0,16.67,0.0
585,2491,SAMUEL BOWMAN,AUS,3,0,0,100.0,0.0,0.0
586,4125,MATTHAIOS VALSAMIDIS,GRE,5,0,0,100.0,0.0,0.0
587,206,OLEG PEYSAKHOVICH,RUS,1,0,0,100.0,0.0,0.0
588,173,SEMEN OVCHINNIKOV,RUS,2,0,0,100.0,0.0,0.0
589,172,VLADISLAV SHEVCHENKO,RUS,1,0,0,100.0,0.0,0.0
590,1544,ARTEM PAUKAIEV,UKR,1,0,0,100.0,0.0,0.0
591,239,NIKOLAI MOROZOV,RUS,1,0,0,100.0,0.0,0.0
592,185,DMITRII POPOV,RUS,2,0,0,100.0,0.0,0.0
593,2865,SZYMON PECIKIEWICZ,POL,2,0,0,100.0,0.0,0.0
594,231,SERGEI TIUPYSHEV,RUS,2,0,0,100.0,0.0,0.0
595,238,KONSTANTIN MITIN,RUS,3,0,0,100.0,0.0,0.0
596,2295,RYOSUKE HIBINO,JPN,1,0,0,100.0,0.0,0.0
597,121,ANTON SVIRIDOV,RUS,1,0,0,100.0,0.0,0.0
598,138,NIKOLAI MICHUROV,RUS,2,0,0,100.0,0.0,0.0
599,1489,FEDIR SAMOILOV,UKR,15,0,0,100.0,0.0,0.0
600,1475,OLEG POKUSAIEV,UKR,1,0,0,100.0,0.0,0.0
601,4027,NADAV GROPPER,ISR,2,0,0,100.0,0.0,0.0
602,2769,ROBERT LUBY,SVK,3,0,0,100.0,0.0,0.0
603,1389,JAKUB KONECNY,CZE,5,0,0,100.0,0.0,0.0
604,1773,RUDOLPH RUANA,USA,9,1,0,100.0,11.11,0.0
605,2587,STEPHAN VOGT,GER,1,0,0,100.0,0.0,0.0
606,2615,DAVID FITZGERALD,IRL,1,0,0,100.0,0.0,0.0
607,1928,COLIN WILLS,USA,2,0,0,100.0,0.0,0.0
608,4001,YARDEN PILPEL,ISR,4,0,0,100.0,0.0,0.0
609,3037,BORNA CUJIC,CRO,7,0,0,100.0,0.0,0.0
610,2768,PAVEL KRATOCHVIL,SVK,1,0,0,100.0,0.0,0.0
611,2840,MACIEJ DOBRZANSKI,POL,4,0,0,100.0,0.0,0.0
612,1754,JOHN BROSLER,USA,9,0,0,100.0,0.0,0.0
613,4081,MUHAMMET NURİ AYDEMİR,TUR,1,0,0,100.0,0.0,0.0
614,2762,JAKUB JIRI SVUB,SVK,2,0,0,100.0,0.0,0.0
615,1643,DAVID TRUDEAU,CAN,2,0,0,100.0,0.0,0.0
616,2219,CHEUK-HEI HO,HKG,12,0,0,100.0,0.0,0.0
617,2015,FLORIAN WIENTJES,GER,1,0,0,100.0,0.0,0.0
618,1681,JAKOB ELLIOTT,CAN,2,0,0,100.0,0.0,0.0
619,1800,JOSEPH DIAZ,USA,3,0,0,100.0,0.0,0.0
620,4252,CHRISTOPH SCHWEIGER,GER,12,1,0,100.0,8.33,0.0
621,3141,FELIPE HO FOGANHOLO,BRA,12,0,0,100.0,0.0,0.0
622,1274,STEFAN SCHERZ,AUT,2,0,0,100.0,0.0,0.0
623,2057,MINYOUNG LEE,KOR,7,1,0,100.0,14.29,0.0
624,1052,CALRIN CURTIS,RSA,4,0,0,100.0,0.0,0.0
625,3586,MARK BRAND,NED,6,0,0,100.0,0.0,0.0
626,1443,TOMAS DUCHON,CZE,1,0,0,100.0,0.0,0.0
627,4208,EMMANUEL ESTRADA DE ARTOLA,MEX,1,0,0,100.0,0.0,0.0
628,11414,LONG CAO,CHN,2,0,0,100.0,0.0,0.0
629,4336,ZAHEER AHMAD,PAK,1,0,0,100.0,0.0,0.0
630,2495,ALEXANDER CVETKOVSKI,AUS,1,0,0,100.0,0.0,0.0
631,5022,DAVOUD REKABI,IRI,2,0,0,100.0,0.0,0.0
632,3435,MAKSIM NIKIFARAVETS,BLR,1,0,0,100.0,0.0,0.0
633,11457,DZMITRY NIKANORAU,BLR,2,0,0,100.0,0.0,0.0
634,1058,CHRISTOPHER COSSER,RSA,6,0,0,100.0,0.0,0.0
635,109,ALEKSANDR SHIKOV,RUS,3,0,0,100.0,0.0,0.0
636,655,MAX AYRTON,GBR,1,0,0,100.0,0.0,0.0
637,65,EVGENII ZAZULIN,RUS,2,0,0,100.0,0.0,0.0
638,3436,NIKITA LOGUNOV,BLR,1,0,0,100.0,0.0,0.0
639,3443,ALIAKSANDR KLIUZHAU,BLR,1,0,0,100.0,0.0,0.0
640,1801,JOE GOODACRE,USA,6,0,0,100.0,0.0,0.0
641,11453,IONUT-COSMIN ATOMEI,ROU,2,0,0,100.0,0.0,0.0
642,1534,BOHDAN BOTNAR,UKR,4,0,0,100.0,0.0,0.0
643,11703,AKMAL JUMANIYAZOV,UZB,1,0,0,100.0,0.0,0.0
644,2657,SAHIL KHAN,IND,1,0,0,100.0,0.0,0.0
645,4213,EMILIO VALDEZ GARDUÑO,MEX,1,0,0,100.0,0.0,0.0
646,10868,YING-CHIEH WEN,TPE,2,0,0,100.0,0.0,0.0
647,1396,STEPAN VOLF,CZE,2,0,0,100.0,0.0,0.0
648,11525,ELIAS ARRIAGADA KRÜGER,GER,9,0,0,100.0,0.0,0.0
649,11527,SOYA SHIMADA,JPN,1,0,0,100.0,0.0,0.0
650,11652,FRANKLIN CARDENAS VICENTE,PER,1,0,0,100.0,0.0,0.0
651,531,NATHAN MARTIN,LUX,2,0,0,100.0,0.0,0.0
652,9933,GERMAN DAVID SANCHEZ,MEX,1,0,0,100.0,0.0,0.0
653,11651,FRANZ JOSEF WEBER,MEX,3,0,0,100.0,0.0,0.0
654,7464,LEONARDO DE RIVERO HUAMAN,PER,1,0,0,100.0,0.0,0.0
655,1934,ZANDER WALLER,USA,2,0,0,100.0,0.0,0.0
656,8958,ARTHUR TERNANT,FRA,1,1,0,100.0,100.0,0.0
657,1988,SAM MCQUEEN,USA,1,1,0,100.0,100.0,0.0
658,4214,JAVIER IVÁN MOLINA FRANCO,MEX,1,0,0,100.0,0.0,0.0
659,1480,DANYIL BOLDYREV,UKR,2,0,0,100.0,0.0,0.0
660,1057,DAMIEN BLOKKER,RSA,1,0,0,100.0,0.0,0.0
661,2632,LOKESH RANJAN,IND,1,0,0,100.0,0.0,0.0
662,11452,TOMMI HAAPALA,FIN,2,0,0,100.0,0.0,0.0
663,3596,LETO CAVÉ,NED,3,0,0,100.0,0.0,0.0
664,2456,GIGA JANKHOTELI,GEO,1,0,0,100.0,0.0,0.0
665,4003,OR MINIELY,ISR,4,0,0,100.0,0.0,0.0
666,3268,FATCHUR ROJI,INA,4,0,0,100.0,0.0,0.0
667,4119,ORFEAS TSIAOUSIS,GRE,4,0,0,100.0,0.0,0.0
668,2463,GIORGI JAPARIDZE,GEO,1,0,0,100.0,0.0,0.0
669,4448,RESHMIN MIHIN AMARASINGHE,SRI,1,0,0,100.0,0.0,0.0
670,3213,DANNY VALENCIA,ECU,6,0,0,100.0,0.0,0.0
671,1502,MYKHAYIL TKACHUK,UKR,5,0,0,100.0,0.0,0.0
672,4433,ALEKSANDR SHORIKOV,EST,1,0,0,100.0,0.0,0.0
673,4137,ROMAN KOVALYEV,KGZ,1,0,0,100.0,0.0,0.0
674,4303,PHILIPP GEISENHOFF,SUI,5,0,0,100.0,0.0,0.0
675,3923,PEDRO BELLO,CHI,1,0,0,100.0,0.0,0.0
676,2649,CHINGKHEINGANBA MAIBAM,IND,3,0,0,100.0,0.0,0.0
677,3916,BENJAMIN VARGAS,CHI,4,0,0,100.0,0.0,0.0
678,2633,BHARATH PEREIRA,IND,1,0,0,100.0,0.0,0.0
679,2073,DONGHYUN JANG,KOR,1,0,0,100.0,0.0,0.0
680,12239,DAYAN AKHTAR,GBR,2,0,0,100.0,0.0,0.0
681,3172,SANTIAGO GARCIA,ARG,2,0,0,100.0,0.0,0.0
682,11454,ODE RIFALDI RIDJAYA,INA,4,0,0,100.0,0.0,0.0
683,2530,JOSHUA DAMASCO,AUS,3,0,0,100.0,0.0,0.0
684,3344,MUHAMMAD TAQIUDDIN BIN MOHD ZULKIFLI,MAS,1,0,0,100.0,0.0,0.0
685,2658,HRITIK MARNE,IND,4,0,0,100.0,0.0,0.0
686,3199,DYLAN CHUAT,SUI,4,0,0,100.0,0.0,0.0
687,1262,DOMINIK HAERTL,AUT,2,0,0,100.0,0.0,0.0
688,4304,LOUIS BÉTRISEY,SUI,1,0,0,100.0,0.0,0.0
689,10489,DYLAN BARKS,USA,2,0,0,100.0,0.0,0.0
690,4284,NINO GRÜNENFELDER,SUI,9,0,0,100.0,0.0,0.0
691,1145,MATIC KOTAR,SLO,8,0,0,100.0,0.0,0.0
692,437,ROMAIN DESGRANGES,FRA,3,0,0,100.0,0.0,0.0
693,3440,ALIAKSANDR IVANOU,BLR,4,0,0,100.0,0.0,0.0
694,3737,THOMAS WALDIN,NZL,5,0,0,100.0,0.0,0.0
695,1372,JAN KRIZ,CZE,4,0,0,100.0,0.0,0.0
696,3270,ALFIAN MUHAMMAD FAJRI,INA,4,0,0,100.0,0.0,0.0
697,3348,MOHD IZZAT MOHD SHOKOR,MAS,1,0,0,100.0,0.0,0.0
698,3280,LASA TEMI,INA,4,0,0,100.0,0.0,0.0
699,1492,KOSTIANTYN PAVLENKO,UKR,3,0,0,100.0,0.0,0.0
700,3939,SIRAPOB JIRAJATURAPAK,THA,2,0,0,100.0,0.0,0.0
701,4434,MAKSIM LIND,EST,2,0,0,100.0,0.0,0.0
702,797,JONATAN FLOR VAZQUEZ,ESP,17,3,0,100.0,17.65,0.0
703,6420,LUIS GERHARDT,GER,1,0,0,100.0,0.0,0.0
704,5898,TONY MUSSELBROOK,GBR,1,0,0,100.0,0.0,0.0
705,5889,MARK HOBSON,USA,1,1,0,100.0,100.0,0.0
706,1709,CARLO TRAVERSI,USA,12,7,0,100.0,58.33,0.0
707,4665,CHRIS SHARMA,USA,1,1,0,100.0,100.0,0.0
708,5870,GHISLAIN LOSIER,CAN,2,0,0,100.0,0.0,0.0
709,5635,DAVIC PICQ,FRA,2,0,0,100.0,0.0,0.0
710,5873,STEFANO MASTROCOLA,BRA,2,0,0,100.0,0.0,0.0
711,7613,BASSA MAWEM,FRA,7,0,0,100.0,0.0,0.0
712,4690,FABIEN DUGIT,FRA,4,1,0,100.0,25.0,0.0
713,9331,SÉBASTIEN VALRAN,FRA,6,0,0,100.0,0.0,0.0
714,5970,JANIS PRIZAVOITS,LAT,2,0,0,100.0,0.0,0.0
715,5901,IGNACIO FUERTES OLLES,ESP,1,0,0,100.0,0.0,0.0
716,4708,PIERRE ERIC GOUDAL,FRA,1,0,0,100.0,0.0,0.0
717,1560,JJ MAH,CAN,7,0,0,100.0,0.0,0.0
718,3359,NIKITA DEVYATERIKOV,KAZ,2,0,0,100.0,0.0,0.0
719,5894,MARSHAL GERMAN,CAN,4,0,0,100.0,0.0,0.0
720,2839,PIOTR BUNSCH,POL,10,0,0,100.0,0.0,0.0
721,5890,JAMIE CHONG,CAN,3,0,0,100.0,0.0,0.0
722,5891,MATT BOSLEY,USA,1,0,0,100.0,0.0,0.0
723,4613,DAN ARCHAMBAULT,CAN,4,0,0,100.0,0.0,0.0
724,5969,RY MORRISON,CRC,2,0,0,100.0,0.0,0.0
725,4867,ALEXANDR NIKOLAEV,RUS,6,1,0,100.0,16.67,0.0
726,5868,MARIJUS SMIGELSKIS,RSA,1,0,0,100.0,0.0,0.0
727,4804,DIDIER HOARAU,FRA,5,1,0,100.0,20.0,0.0
728,3779,BENJAMIN BLASER,SUI,44,6,0,100.0,13.64,0.0
729,4715,IVAYLO KRASTEV,BUL,1,0,0,100.0,0.0,0.0
730,5872,GUNTRAM JÖRG,AUT,3,0,0,100.0,0.0,0.0
731,4847,TERRY PAHOLEK,CAN,5,1,0,100.0,20.0,0.0
732,5615,TOSHIAKI TAKEUCHI,JPN,4,1,0,100.0,25.0,0.0
733,5897,TYLER HAACK,USA,1,0,0,100.0,0.0,0.0
734,5896,SIMON PARTON,CAN,1,0,0,100.0,0.0,0.0
735,4845,RYAN OLSON,USA,3,0,0,100.0,0.0,0.0
736,5895,MINKO NIKOLOV,BUL,1,0,0,100.0,0.0,0.0
737,5534,EDUARDO CARVALHO,BRA,1,0,0,100.0,0.0,0.0
738,5893,JOE CZERWINSKI,USA,1,0,0,100.0,0.0,0.0
739,5892,GRADY BAGWELL,USA,1,0,0,100.0,0.0,0.0
740,4953,YOANN LE COUSTER,FRA,2,0,0,100.0,0.0,0.0
741,4790,BENOIT HEINTZ,FRA,15,1,0,100.0,6.67,0.0
742,645,WILLIAM RIDAL,GBR,23,5,0,100.0,21.74,0.0
743,7399,NENAD MATIC,SRB,1,0,0,100.0,0.0,0.0
744,7385,ANDREW TROTTER,NZL,1,0,0,100.0,0.0,0.0
745,5560,"KIEN SEONG, FRANCIS LOW",MAS,1,0,0,100.0,0.0,0.0
746,7394,BERNAT ESCORIHUELA,AND,1,0,0,100.0,0.0,0.0
747,7390,GIANFRANCO DUSIC,CRO,1,0,0,100.0,0.0,0.0
748,4810,MATEJ SVUB,SVK,13,0,0,100.0,0.0,0.0
749,2925,LEI ZHAO,CHN,1,0,0,100.0,0.0,0.0
750,5786,ALEKSEY PEROV,KAZ,1,0,0,100.0,0.0,0.0
751,5826,EDRICK FREYRIA,MEX,2,0,0,100.0,0.0,0.0
752,5871,BRICE MARTINE,FRA,2,0,0,100.0,0.0,0.0
753,5824,CHRISTIAN EHLERT,MEX,1,0,0,100.0,0.0,0.0
754,4060,UGUR YILMAZ,TUR,1,0,0,100.0,0.0,0.0
755,5572,FREDERICO SILVA,POR,1,0,0,100.0,0.0,0.0
756,5579,ARMAN SALADA,PHI,1,0,0,100.0,0.0,0.0
757,7387,LUIS FEDERICO ZAMBRANO,ARG,1,0,0,100.0,0.0,0.0
758,7398,EDUARDO MORA,MEX,1,0,0,100.0,0.0,0.0
759,5665,BALINT KAMVAS,HUN,1,0,0,100.0,0.0,0.0
760,4751,BENCE GÁL,HUN,2,0,0,100.0,0.0,0.0
761,7395,SÍLVIO MORGADO,POR,1,0,0,100.0,0.0,0.0
762,7391,KONSTANTINOS ZAMPAS,GRE,1,0,0,100.0,0.0,0.0
763,7374,LESTER JUÁREZ,GUA,1,0,0,100.0,0.0,0.0
764,767,ARTURO CAMPOS SALVADOR,ESP,1,0,0,100.0,0.0,0.0
765,5833,NOBUYUKI NAGATA,JPN,1,0,0,100.0,0.0,0.0
766,4782,OLIVIER LEBRETON,FRA,7,2,0,100.0,28.57,0.0
767,4779,ANTOINE VANDEPUTTE,FRA,5,3,0,100.0,60.0,0.0
768,5860,MARIO LACKNER,AUT,1,0,0,100.0,0.0,0.0
769,4977,CHRISTIAN FEISTMANTL,AUT,9,1,0,100.0,11.11,0.0
770,4951,THIBAUT MAURON,SUI,1,0,0,100.0,0.0,0.0
771,5859,MATTHEW STORER,AUS,1,0,0,100.0,0.0,0.0
772,1357,STEPAN STRANIK,CZE,20,0,0,100.0,0.0,0.0
773,1216,MARIO LECHNER,AUT,8,5,0,100.0,62.5,0.0
774,5857,JESSE VAN DER WERF,NED,7,0,0,100.0,0.0,0.0
775,72,YURY NOVITSKIY,RUS,16,2,0,100.0,12.5,0.0
776,7396,CEMIL ÇAĞLAR BILDIRCIN,TUR,1,0,0,100.0,0.0,0.0
777,7388,RICARDO VARA,MEX,1,0,0,100.0,0.0,0.0
778,5356,TUMUR OCH,MGL,1,0,0,100.0,0.0,0.0
779,4870,KONSTANTIN SAVELYEV,RUS,2,1,0,100.0,50.0,0.0
780,4933,ALEXANDER KALINA,RUS,1,1,0,100.0,100.0,0.0
781,4871,KIRILL DYAKONOV,RUS,2,0,0,100.0,0.0,0.0
782,4843,ADAM MARKERT,USA,2,0,0,100.0,0.0,0.0
783,4793,NICCOLO' CERIA,ITA,9,0,0,100.0,0.0,0.0
784,5649,OLIVIER HEQUIN,FRA,13,1,0,100.0,7.69,0.0
785,5993,MARIUS EMIL DANILA,ROU,1,0,0,100.0,0.0,0.0
786,5992,GARRETT GREGOR,USA,4,0,0,100.0,0.0,0.0
787,5991,NICOLAS MATHIEU,BEL,5,0,0,100.0,0.0,0.0
788,5990,MAXIM ZOLOTUKHIN,USA,1,0,0,100.0,0.0,0.0
789,1571,SEBASTIEN LAZURE,CAN,30,1,0,100.0,3.33,0.0
790,4848,YVES GRAVELLE,CAN,5,0,0,100.0,0.0,0.0
791,4882,ZUFAR NIGMANOV,RUS,1,0,0,100.0,0.0,0.0
792,5959,RYAN RODEN,USA,1,0,0,100.0,0.0,0.0
793,1572,ANDRE DIFELICE,CAN,12,3,0,100.0,25.0,0.0
794,5989,JULIAN BAUTISTA,USA,2,2,0,100.0,100.0,0.0
795,4966,SILVIU CORCIOVEI,ROU,3,0,0,100.0,0.0,0.0
796,4796,JONATHAN PARTRIDGE,GBR,29,1,0,100.0,3.45,0.0
797,5998,PANAYIOTIS SOTIRIS,GRE,1,0,0,100.0,0.0,0.0
798,5997,ALEXANDER LEDOVSKIKH,UKR,1,0,0,100.0,0.0,0.0
799,5749,MANUEL CORETTI,ITA,2,0,0,100.0,0.0,0.0
800,5684,ALEXANDER SHOPRIN,RUS,1,0,0,100.0,0.0,0.0
801,5979,NEJC CUJES,SLO,2,0,0,100.0,0.0,0.0
802,4802,JACOPO LARCHER,ITA,6,1,0,100.0,16.67,0.0
803,5987,CSABA SZELL,HUN,1,0,0,100.0,0.0,0.0
804,2422,NIKOLA PETROV,BUL,12,0,0,100.0,0.0,0.0
805,5986,DÖMÖTÖR SZÉLL,HUN,1,0,0,100.0,0.0,0.0
806,5985,FARKAS SIKTER,HUN,1,0,0,100.0,0.0,0.0
807,4829,ARIAN BOSZOTTA,AUT,2,0,0,100.0,0.0,0.0
808,5984,JAN HAIKO,AUT,5,1,0,100.0,20.0,0.0
809,66,ARMAN TER-MINASYAN,RUS,21,3,0,100.0,14.29,0.0
810,5983,FRANK JAENECKE,GER,1,0,0,100.0,0.0,0.0
811,4910,KEITH BRADBURY,GBR,2,0,0,100.0,0.0,0.0
812,4821,JURAJ REPAN,SVK,3,0,0,100.0,0.0,0.0
813,5981,NICOLAI SCHAFFARCZIK,GER,1,0,0,100.0,0.0,0.0
814,5980,JUERGEN MOOSBRUGGER,AUT,1,0,0,100.0,0.0,0.0
815,4807,ONDREJ NEVELIK,CZE,13,0,0,100.0,0.0,0.0
816,4785,PHILIPPE ALLENSPACH,SUI,6,0,0,100.0,0.0,0.0
817,4978,FRANZ SCHMIDTLEIN,GER,3,0,0,100.0,0.0,0.0
818,5305,BART VAN RAAIJ,NED,1,0,0,100.0,0.0,0.0
819,5840,GEORGE MARIS,ROU,5,0,0,100.0,0.0,0.0
820,4811,BOGDAN MICU,ROU,4,0,0,100.0,0.0,0.0
821,5965,HIROTARO HOSHINA,JPN,1,0,0,100.0,0.0,0.0
822,4881,DMITRY SARAPAEV,RUS,4,0,0,100.0,0.0,0.0
823,5945,YAROSLAV SHAFRANSKYI,UKR,1,0,0,100.0,0.0,0.0
824,5175,ALEXANDER KHOPKO,RUS,1,0,0,100.0,0.0,0.0
825,5271,EVGENY BASHKIRTSEV,RUS,1,0,0,100.0,0.0,0.0
826,2932,NING ZHANG,CHN,1,0,0,100.0,0.0,0.0
827,5944,DMITRY STEPANOV,RUS,1,0,0,100.0,0.0,0.0
828,5943,ANTON PRYSTOMAU,BLR,1,0,0,100.0,0.0,0.0
829,5942,YAROSLAV POPKOV,RUS,1,0,0,100.0,0.0,0.0
830,5941,ANDREY KLIZUBOV,RUS,1,0,0,100.0,0.0,0.0
831,5119,RONGWU CAO,CHN,1,0,0,100.0,0.0,0.0
832,4869,VLADIMIR MUSICH,RUS,2,0,0,100.0,0.0,0.0
833,4938,STANISLAV POPLAVSKIY,RUS,1,0,0,100.0,0.0,0.0
834,5940,PAVEL ISAEV,RUS,1,0,0,100.0,0.0,0.0
835,4868,ANDREI NIKIFARAVETS,BLR,2,0,0,100.0,0.0,0.0
836,4865,SERGEI SHAFEROV,BLR,2,1,0,100.0,50.0,0.0
837,4934,SHINTA OZAWA,JPN,9,3,0,100.0,33.33,0.0
838,5966,KEITA SETO,JPN,4,1,0,100.0,25.0,0.0
839,4805,ADAM JEEWOOTH,GBR,8,0,0,100.0,0.0,0.0
840,2040,JIHWAN PARK,KOR,3,2,0,100.0,66.67,0.0
841,4906,KEVIN LOPATA,FRA,3,0,0,100.0,0.0,0.0
842,4621,DENNIS TEIJSSE,NED,2,0,0,100.0,0.0,0.0
843,637,DAVID MASON,GBR,4,0,0,100.0,0.0,0.0
844,4820,JOAKIM BERGLUND,SWE,5,0,0,100.0,0.0,0.0
845,3583,MICHIEL NIEUWENHUIJSEN,NED,8,1,0,100.0,12.5,0.0
846,5996,RICARDO DE LEEUW,NED,1,0,0,100.0,0.0,0.0
847,4824,DANIEL ANDERSSON,SWE,13,2,0,100.0,15.38,0.0
848,5518,TIMO TAK,NED,4,1,0,100.0,25.0,0.0
849,4877,JIACUO SUOLANG,CHN,6,0,0,100.0,0.0,0.0
850,2928,JINYU PAN,CHN,1,0,0,100.0,0.0,0.0
851,5151,HIDEKAZU ITO,JPN,1,0,0,100.0,0.0,0.0
852,4854,FUMIHIRO OYAMA,JPN,3,0,0,100.0,0.0,0.0
853,5450,JANGHYUK KIM,KOR,1,0,0,100.0,0.0,0.0
854,5968,KUUTTI HUHTIKORPI,FIN,2,0,0,100.0,0.0,0.0
855,4798,BRUNO VACKA,CRO,4,0,0,100.0,0.0,0.0
856,6013,JULIO ARCE,CRC,1,0,0,100.0,0.0,0.0
857,7384,DANILO PEREYRA,ARG,1,0,0,100.0,0.0,0.0
858,7290,BÁLINT KUCSERA,HUN,1,0,0,100.0,0.0,0.0
859,1116,URH CEHOVIN,SLO,1,0,0,100.0,0.0,0.0
860,5772,ZAFEIRIS KAMAROPOULOS,GRE,1,0,0,100.0,0.0,0.0
861,5673,TOM GORE,GBR,3,0,0,100.0,0.0,0.0
862,5677,FLORENT SAMYN,FRA,5,0,0,100.0,0.0,0.0
863,5747,IOANNIS KOLOKAS,GRE,1,0,0,100.0,0.0,0.0
864,2724,CLAUDIU MIU,ROU,9,0,0,100.0,0.0,0.0
865,5771,ANDREI NUTU,ROU,1,0,0,100.0,0.0,0.0
866,4609,FERDINAND SCHULTE,NED,14,1,0,100.0,7.14,0.0
867,2723,MARIAN BUCNERU,ROU,1,0,0,100.0,0.0,0.0
868,5784,MATTHIAS RUH,SUI,1,0,0,100.0,0.0,0.0
869,2721,OLIVER BATIR,ROU,5,0,0,100.0,0.0,0.0
870,5770,GABRIEL PAVEL,ROU,2,0,0,100.0,0.0,0.0
871,2421,IVAYLO RADKOV,BUL,3,0,0,100.0,0.0,0.0
872,5010,CHI-WAI LAI,HKG,3,0,0,100.0,0.0,0.0
873,5510,BOYKO LALOV,BUL,3,0,0,100.0,0.0,0.0
874,4581,TOMASZ OLEKSY,POL,13,4,0,100.0,30.77,0.0
875,5278,MIKHAIL PEKAREV,RUS,3,0,0,100.0,0.0,0.0
876,5773,DEJAN PETROVSKI,MKD,1,0,0,100.0,0.0,0.0
877,5337,ILIJA RISTOVSKI,MKD,1,0,0,100.0,0.0,0.0
878,1467,SERIK KAZBEKOV,UKR,2,0,0,100.0,0.0,0.0
879,4514,JONATHAN PHILIPPE,FRA,2,0,0,100.0,0.0,0.0
880,5142,TOM SUGDEN,GBR,1,0,0,100.0,0.0,0.0
881,5633,RYAN PASQUILL,GBR,2,0,0,100.0,0.0,0.0
882,5792,BEN MEEKS,GBR,3,0,0,100.0,0.0,0.0
883,5517,THOMAS SCHMID,SUI,2,0,0,100.0,0.0,0.0
884,5381,SEBASTIEN JALMAIN,FRA,7,0,0,100.0,0.0,0.0
885,5393,DANIEL WINKLER,SUI,2,0,0,100.0,0.0,0.0
886,5790,JORDAN BUYS,GBR,1,0,0,100.0,0.0,0.0
887,4468,MATHIEU DUTRAY,FRA,1,0,0,100.0,0.0,0.0
888,4787,MARTIN JAGGI,SUI,6,2,0,100.0,33.33,0.0
889,61,MIKHAIL CHERNIKOV,RUS,14,3,0,100.0,21.43,0.0
890,5793,YUKI SUZUKI,JPN,2,0,0,100.0,0.0,0.0
891,5326,NICOLAS NASTROG,FRA,1,0,0,100.0,0.0,0.0
892,311,NICOLAS FARCY,BEL,14,1,0,100.0,7.14,0.0
893,5533,PIERRE DUROCHE,FRA,8,2,0,100.0,25.0,0.0
894,5791,BASTIEN GLAIRON MONDET,FRA,6,0,0,100.0,0.0,0.0
895,59,ALEXANDER STEPANOV,RUS,1,0,0,100.0,0.0,0.0
896,47,VASILY KOZLOV,RUS,7,2,0,100.0,28.57,0.0
897,4471,LUDOVIC LAURENCE,FRA,12,6,0,100.0,50.0,0.0
898,4654,HIROSHI OKANO,JPN,4,0,0,100.0,0.0,0.0
899,5317,ALESSANDRO GANDOLFO,ITA,4,0,0,100.0,0.0,0.0
900,4644,KARSTEN BOROWKA,GER,7,2,0,100.0,28.57,0.0
901,5384,ARIC MERZ,GER,12,0,0,100.0,0.0,0.0
902,4777,MARKUS HOPPE,GER,16,7,0,100.0,43.75,0.0
903,4792,EMANUEL MOOSBURGER,AUT,11,0,0,100.0,0.0,0.0
904,4937,KAZUMA WATANABE,JPN,11,4,0,100.0,36.36,0.0
905,5657,JOACKYM RAMSAMY,FRA,13,2,0,100.0,15.38,0.0
906,5658,KORNELIUS OBLEITNER,AUT,6,0,0,100.0,0.0,0.0
907,5668,JOHN BOWLES,CAN,9,0,0,100.0,0.0,0.0
908,5638,MARIAN GEORGIEV,BUL,2,1,0,100.0,50.0,0.0
909,4806,MARC EDWARDS,AUS,8,1,0,100.0,12.5,0.0
910,4976,PETER WÜRTH,GER,31,5,0,100.0,16.13,0.0
911,4780,MICHELE CAMINATI,ITA,15,9,0,100.0,60.0,0.0
912,5265,ANDRE BOROWKA,GER,11,4,0,100.0,36.36,0.0
913,5292,NICOLAS BADIA,FRA,12,5,0,100.0,41.67,0.0
914,5334,ROK KLANCNIK,SLO,11,0,0,100.0,0.0,0.0
915,1198,HEIKO WILHELM,AUT,4,1,0,100.0,25.0,0.0
916,4465,SALAVAT RAKHMETOV,RUS,3,3,0,100.0,100.0,0.0
917,5291,ROLAND WAGNER,AUT,4,0,0,100.0,0.0,0.0
918,1479,SERGII KARPIN,UKR,11,0,0,100.0,0.0,0.0
919,2484,FREDERIC BONNET,AUS,3,0,0,100.0,0.0,0.0
920,5776,PAUL STADLOBER,AUT,2,0,0,100.0,0.0,0.0
921,4812,THEODOROS KONSTANTAKOPOULOS,GRE,5,0,0,100.0,0.0,0.0
922,5775,JIRI BRADÁC,CZE,4,0,0,100.0,0.0,0.0
923,5526,MAXIMILIAN BREITENLECHNER,AUT,1,0,0,100.0,0.0,0.0
924,5497,ALEKSEI PORTSEV,RUS,2,0,0,100.0,0.0,0.0
925,2836,GRZEGORZ KAROLAK,POL,5,0,0,100.0,0.0,0.0
926,5535,MARTIN MAYR,AUT,2,0,0,100.0,0.0,0.0
927,4666,STEFANO GHIDINI,ITA,8,1,0,100.0,12.5,0.0
928,4907,MARK CROXALL,GBR,11,4,0,100.0,36.36,0.0
929,4775,REMO SOMMER,SUI,29,9,0,100.0,31.03,0.0
930,4585,CASPER TEN SIJTHOFF,NED,21,7,0,100.0,33.33,0.0
931,5099,BLAZ RANT,SLO,13,3,0,100.0,23.08,0.0
932,3429,KEVIN HEMUND,SUI,33,2,0,100.0,6.06,0.0
933,5148,CHRIS GRAHAM,GBR,1,0,0,100.0,0.0,0.0
934,5146,RODDY MACKENZIE,GBR,5,0,0,100.0,0.0,0.0
935,3032,IVAN LISICA,CRO,1,0,0,100.0,0.0,0.0
936,5225,KA-WAI CHU,HKG,1,0,0,100.0,0.0,0.0
937,2034,JAHA KIM,KOR,11,1,0,100.0,9.09,0.0
938,5014,YURIY DZYUBYAK,UKR,1,0,0,100.0,0.0,0.0
939,2752,ANDREJ CHRASTINA,SVK,1,0,0,100.0,0.0,0.0
940,3135,ANDRÉ BEREZOSKI,BRA,3,0,0,100.0,0.0,0.0
941,4819,BLAGOVEST LAZAROV,BUL,5,0,0,100.0,0.0,0.0
942,5127,ADRIAN BAXTER,GBR,1,0,0,100.0,0.0,0.0
943,4841,GABOR SZEKELY,HUN,2,1,0,100.0,50.0,0.0
944,4801,ONDREJ SVUB,SVK,16,1,0,100.0,6.25,0.0
945,5394,JONATHAN THOMAS,BEL,1,0,0,100.0,0.0,0.0
946,3175,LEONEL DE LAS SALAS,VEN,1,0,0,100.0,0.0,0.0
947,5858,IGNASI TARRAZONA GASQUE,ESP,12,1,0,100.0,8.33,0.0
948,5079,TOMI NYTORP,FIN,1,0,0,100.0,0.0,0.0
949,5900,DIEGO MARTÍN MARSELLA PRADO,ARG,1,0,0,100.0,0.0,0.0
950,4864,IVAN KAUROV,RUS,4,1,0,100.0,25.0,0.0
951,4467,DANIEL ANDRADA JIMENEZ,ESP,1,0,0,100.0,0.0,0.0
952,5369,HENRIK SENNELÖV,SWE,1,0,0,100.0,0.0,0.0
953,5957,JON CARDWELL,USA,2,0,0,100.0,0.0,0.0
954,5573,JOSÉ ABREU,POR,1,0,0,100.0,0.0,0.0
955,4800,ATHANASIOS CHTENAS,GRE,3,0,0,100.0,0.0,0.0
956,4851,DUSTIN CURTIS,CAN,9,0,0,100.0,0.0,0.0
957,5728,RAFET SERKAN ERCAN,TUR,9,0,0,100.0,0.0,0.0
958,5641,MINCHO PETKOV,BUL,1,0,0,100.0,0.0,0.0
959,5662,BORIS ZOKIC,CRO,1,0,0,100.0,0.0,0.0
960,7392,MURAT SEVINDIK,TUR,1,0,0,100.0,0.0,0.0
961,7397,CARL OLA BOSTROM,SWE,1,0,0,100.0,0.0,0.0
962,7381,RICARDO BELCHIOR,POR,1,0,0,100.0,0.0,0.0
963,4967,BJÖRN STRÖMBERG,SWE,3,0,0,100.0,0.0,0.0
964,7365,FERNANDO JAVIER CICCONI,ARG,1,0,0,100.0,0.0,0.0
965,6101,DAVID ULLOA,CRC,1,0,0,100.0,0.0,0.0
966,3033,LUKA KIVELA,CRO,2,0,0,100.0,0.0,0.0
967,4852,FELIPE CAMARGO,BRA,2,0,0,100.0,0.0,0.0
968,5822,JONATHAN URBINA,VEN,1,0,0,100.0,0.0,0.0
969,7389,SEFTON PRIESTLEY,NZL,1,0,0,100.0,0.0,0.0
970,7383,ENRIQUE GUILLÉN,VEN,1,0,0,100.0,0.0,0.0
971,3358,ARTYOM DEVYATERIKOV,KAZ,10,0,0,100.0,0.0,0.0
972,5648,ROMAN VAN DER WERF,NED,1,0,0,100.0,0.0,0.0
973,3058,MAGNUS MIDTBOE,NOR,3,1,0,100.0,33.33,0.0
974,3174,MANUEL ESCOBAR,VEN,4,1,0,100.0,25.0,0.0
975,4965,DAVID SATANEK,SVK,1,0,0,100.0,0.0,0.0
976,5145,JIRI PRIBIL,CZE,2,0,0,100.0,0.0,0.0
977,1353,JAKUB HLAVACEK,CZE,1,0,0,100.0,0.0,0.0
978,5844,JACEK MATUSZEK,POL,2,0,0,100.0,0.0,0.0
979,2480,THOMAS FARRELL,AUS,15,6,0,100.0,40.0,0.0
980,5683,MASATOSHI SUGITA,JPN,13,6,0,100.0,46.15,0.0
981,5780,EDVINAS SMIGELSKIS,RSA,1,0,0,100.0,0.0,0.0
982,5779,JÉRÉMIE CICCIONE,FRA,2,0,0,100.0,0.0,0.0
983,5778,CHRISTOPHE TREUILHE,FRA,1,1,0,100.0,100.0,0.0
984,2249,KEITA MOGAKI,JPN,15,8,0,100.0,53.33,0.0
985,5755,QUENTIN MIEGEVILLE,FRA,3,0,0,100.0,0.0,0.0
986,4823,VITALII LAGUTIN,UKR,3,0,0,100.0,0.0,0.0
987,4784,BAPTISTE NOMINE,FRA,11,3,0,100.0,27.27,0.0
988,5754,TORSTEN SCHULDT,GER,1,0,0,100.0,0.0,0.0
989,4886,PAVLO FOYGEL,UKR,1,0,0,100.0,0.0,0.0
990,435,REMI SAMYN,FRA,3,0,0,100.0,0.0,0.0
991,5820,MAURICIO HUERTA,MEX,22,8,0,100.0,36.36,0.0
992,4808,JAKUB KOVACIK,SVK,6,0,0,100.0,0.0,0.0
993,3136,CESAR GROSSO,BRA,8,0,0,100.0,0.0,0.0
994,1362,JAN CHVALA,CZE,9,1,0,100.0,11.11,0.0
995,775,ERIC LOPEZ MATEOS,ESP,20,2,0,100.0,10.0,0.0
996,2481,CALLUM HYLAND,AUS,2,0,0,100.0,0.0,0.0
997,4789,BRUNO MACIAS MATUTANO,ESP,11,1,0,100.0,9.09,0.0
998,4061,DOGAN OGUZ PALUT,TUR,1,0,0,100.0,0.0,0.0
999,5848,HAMISH SAUL,AUS,1,0,0,100.0,0.0,0.0
1000,5847,TOMASZ WOJCIECHOWSKI,POL,2,0,0,100.0,0.0,0.0
1001,4942,DAISUKE KONISHI,JPN,1,0,0,100.0,0.0,0.0
1002,5614,DAVID KOZEL,CZE,1,0,0,100.0,0.0,0.0
1003,5739,ILYA KAZENNOV,RUS,1,0,0,100.0,0.0,0.0
1004,4062,ZORBEY AKTUYUN,TUR,4,0,0,100.0,0.0,0.0
1005,5846,PETR RESCH,CZE,1,0,0,100.0,0.0,0.0
1006,2726,DANIEL UNGUREANU,ROU,8,0,0,100.0,0.0,0.0
1007,5838,CATALIN PETRESCU,ROU,1,0,0,100.0,0.0,0.0
1008,2759,TOMAS GREKSAK,SVK,9,0,0,100.0,0.0,0.0
1009,5845,MÜMIN KARABAS,TUR,2,0,0,100.0,0.0,0.0
1010,1221,MAX RUDIGIER,AUT,12,2,0,100.0,16.67,0.0
1011,4363,VILIMANTAS PETRASIUNAS,LTU,16,0,0,100.0,0.0,0.0
1012,4791,ZACH LERNER,USA,4,1,0,100.0,25.0,0.0
1013,5371,BEN WEST,GBR,4,0,0,100.0,0.0,0.0
1014,122,VLAS GAVRILOV,RUS,8,1,0,100.0,12.5,0.0
1015,6252,JAIME HENDRIK QUINTANA,PER,1,0,0,100.0,0.0,0.0
1016,1744,BRENDAN MITCHELL,USA,4,0,0,100.0,0.0,0.0
1017,1729,NICHOLAS MILBURN,USA,2,0,0,100.0,0.0,0.0
1018,1770,PETER DIXON,USA,4,1,0,100.0,25.0,0.0
1019,6250,JONATHAN HUERTA ESPINOZA,MEX,2,0,0,100.0,0.0,0.0
1020,1576,ELAN JONASMCRAE,CAN,7,0,0,100.0,0.0,0.0
1021,1573,MARC EVELEIGH,CAN,5,0,0,100.0,0.0,0.0
1022,2218,CHEUNG-CHI SHOJI CHAN,HKG,22,0,0,100.0,0.0,0.0
1023,2824,ALEXANDER WURM,GER,5,0,0,100.0,0.0,0.0
1024,69,ALEKSEI SHCHERVIANIN,RUS,2,0,0,100.0,0.0,0.0
1025,6280,JAN DE SMIT,BEL,1,0,0,100.0,0.0,0.0
1026,6279,DOMINIK LEINENBACH,GER,2,0,0,100.0,0.0,0.0
1027,6278,NIKOLAI BUHL,GER,1,0,0,100.0,0.0,0.0
1028,489,YOHANN DECHAMPS,FRA,1,0,0,100.0,0.0,0.0
1029,1746,VASYA VOROTNIKOV,USA,6,2,0,100.0,33.33,0.0
1030,2937,BEIJI LI,CHN,2,0,0,100.0,0.0,0.0
1031,2934,CHANGFENG QU,CHN,5,1,0,100.0,20.0,0.0
1032,3930,THATTANA RAKSACHAT,THA,4,0,0,100.0,0.0,0.0
1033,6229,ABDUL QAYUM BIN ABD JALANI,MAS,1,0,0,100.0,0.0,0.0
1034,5033,SERGEJ EPIH,SLO,1,0,0,100.0,0.0,0.0
1035,6244,DMITRIJUS MONASTYRECKIS,LTU,4,0,0,100.0,0.0,0.0
1036,83,GEORGY DERKACHEV,RUS,1,0,0,100.0,0.0,0.0
1037,2761,STEFAN BEDNAR,SVK,12,0,0,100.0,0.0,0.0
1038,6247,GEDIMINAS MONASTYRECKIS,LTU,1,0,0,100.0,0.0,0.0
1039,6246,IVO HÄFLIGER,SUI,1,0,0,100.0,0.0,0.0
1040,314,LOÏC TIMMERMANS,BEL,12,0,0,100.0,0.0,0.0
1041,4366,ARTURAS VOLKOVAS,LTU,5,0,0,100.0,0.0,0.0
1042,4946,RUDI MORODER,ITA,1,0,0,100.0,0.0,0.0
1043,2790,MARCO MÜLLER,SUI,4,0,0,100.0,0.0,0.0
1044,6245,VILIAM FERČÁK,SVK,2,0,0,100.0,0.0,0.0
1045,1481,ANTON MARDASHOV,UKR,2,0,0,100.0,0.0,0.0
1046,3929,WINAI RUANGRIT,THA,6,0,0,100.0,0.0,0.0
1047,6231,ANDREW ANG YUAN HANN,MAS,1,0,0,100.0,0.0,0.0
1048,6230,ALEXEY NAZAROV,KAZ,1,0,0,100.0,0.0,0.0
1049,6277,FELIX LEUOTH,GER,1,0,0,100.0,0.0,0.0
1050,3897,TOMAS RAVANAL,CHI,2,0,0,100.0,0.0,0.0
1051,6276,PHILIP RATAJCZAK,GER,1,1,0,100.0,100.0,0.0
1052,3278,ASPAR ASPAR,INA,5,0,0,100.0,0.0,0.0
1053,6303,"WENG KHIT, ADRIEL CHOO",SGP,1,0,0,100.0,0.0,0.0
1054,7437,AZIZ FTIS,CRC,1,0,0,100.0,0.0,0.0
1055,6103,EDUARDO MORA PARIENTE,MEX,1,0,0,100.0,0.0,0.0
1056,6333,EMILIYAN KOLEVSKI,BUL,3,0,0,100.0,0.0,0.0
1057,1567,AYODELE SOPEJU,CAN,9,0,0,100.0,0.0,0.0
1058,6130,SHANE PUCCIO,USA,1,0,0,100.0,0.0,0.0
1059,7436,BENJAMIN DE CHARMONY,RSA,1,0,0,100.0,0.0,0.0
1060,1725,JOSEPH GIFFORD,USA,1,0,0,100.0,0.0,0.0
1061,2416,KALIN GARBOV,BUL,1,0,0,100.0,0.0,0.0
1062,6286,LUCAS GAONA,CHI,1,0,0,100.0,0.0,0.0
1063,6192,JAKOB HEBER NORUM,NOR,1,0,0,100.0,0.0,0.0
1064,2837,JAKUB JODLOWSKI,POL,18,0,0,100.0,0.0,0.0
1065,2041,HANWOOL KIM,KOR,9,0,0,100.0,0.0,0.0
1066,2046,SUNGBO SEO,KOR,9,0,0,100.0,0.0,0.0
1067,5619,KHAIRUL HAFIZ ABU HASSAN,MAS,2,1,0,100.0,50.0,0.0
1068,3780,ANDRÉ NERES,POR,1,0,0,100.0,0.0,0.0
1069,4151,JURIJS KRASANOVS,LAT,5,0,0,100.0,0.0,0.0
1070,6104,RICARDO NEVES,POR,1,0,0,100.0,0.0,0.0
1071,4952,ANDRES QUINTEROS,ECU,1,0,0,100.0,0.0,0.0
1072,6236,JUOZAS BOBINA,LTU,1,0,0,100.0,0.0,0.0
1073,477,CLÉMENT LECHAPTOIS,FRA,5,0,0,100.0,0.0,0.0
1074,2626,SANDEEP MAITY,IND,6,0,0,100.0,0.0,0.0
1075,6242,VIKTOR BELIY,UKR,3,0,0,100.0,0.0,0.0
1076,6241,OLEG BELIAKOV,RUS,2,0,0,100.0,0.0,0.0
1077,3428,KEVIN HEINIGER,SUI,29,3,0,100.0,10.34,0.0
1078,7468,PASO SIVRO,BIH,1,0,0,100.0,0.0,0.0
1079,6322,GULBALA SAFAROV,AZE,2,0,0,100.0,0.0,0.0
1080,3187,VANCO NAUNOV,MKD,2,0,0,100.0,0.0,0.0
1081,7467,SALIH MULAOSMANOVIC,BIH,1,0,0,100.0,0.0,0.0
1082,2455,ALMATSGIR KVITSIANI,GEO,1,0,0,100.0,0.0,0.0
1083,7438,ILHAM ISRAFILOV,AZE,1,0,0,100.0,0.0,0.0
1084,5805,KIRE SERAFIMOVSKI,MKD,1,0,0,100.0,0.0,0.0
1085,3036,NIKOLA KRAMARIC,CRO,3,0,0,100.0,0.0,0.0
1086,2042,SEUNGWOON CHO,KOR,3,0,0,100.0,0.0,0.0
1087,3361,RISHAT KHAIBULLIN,KAZ,7,0,0,100.0,0.0,0.0
1088,1777,JOEL ZERR,USA,8,0,0,100.0,0.0,0.0
1089,6165,CINGIZ TAGIZADE,AZE,2,0,0,100.0,0.0,0.0
1090,6332,JOSÉ DAVID MARTINEZ SEVILLA,MEX,1,0,0,100.0,0.0,0.0
1091,6319,MOHAMMADSADEGH YOSEFI,IRI,1,0,0,100.0,0.0,0.0
1092,6318,BERKAN AKSU,TUR,1,0,0,100.0,0.0,0.0
1093,6316,MOJTABA KHODAEIDAMERCHIDARSI,IRI,4,0,0,100.0,0.0,0.0
1094,2458,GURAM DABRUNDASHVILI,GEO,1,0,0,100.0,0.0,0.0
1095,6315,ARASH DOUSTARIAN,IRI,1,0,0,100.0,0.0,0.0
1096,654,ORRIN COLEY,GBR,9,0,0,100.0,0.0,0.0
1097,3208,ISAAC ESTEVEZ,ECU,2,0,0,100.0,0.0,0.0
1098,6128,BEN HOBERG,USA,1,0,0,100.0,0.0,0.0
1099,3644,CHUA DENNIS,SGP,12,0,0,100.0,0.0,0.0
1100,1711,BRIAN ANTHEUNISSE,USA,2,0,0,100.0,0.0,0.0
1101,1597,GAVIN JOHNSON,CAN,3,0,0,100.0,0.0,0.0
1102,3486,AMIR NOURI,IRI,11,1,0,100.0,9.09,0.0
1103,3484,REZA KOLASANGIAN,IRI,9,0,0,100.0,0.0,0.0
1104,6341,PAWEL PIETRZAK,POL,1,0,0,100.0,0.0,0.0
1105,6340,JULIEN FORGUE,FRA,1,0,0,100.0,0.0,0.0
1106,3061,THILO JELDRIK SCHRÖTER,NOR,24,2,0,100.0,8.33,0.0
1107,6264,AMIL ALIYEV,AZE,1,0,0,100.0,0.0,0.0
1108,6320,LASHA MITAISHVILI,GEO,1,0,0,100.0,0.0,0.0
1109,6321,RAMEL RAHIMKHANOV,AZE,1,0,0,100.0,0.0,0.0
1110,4067,ÖVGÜN YILDIRIM,TUR,6,0,0,100.0,0.0,0.0
1111,1742,SOLOMON BARTH,USA,3,0,0,100.0,0.0,0.0
1112,3458,MOHAMMAD JAFARI MAHMOUDABADI,IRI,3,0,0,100.0,0.0,0.0
1113,874,MARCO GOZZI,ITA,1,0,0,100.0,0.0,0.0
1114,1250,MATTHIAS ERBER,AUT,13,0,0,100.0,0.0,0.0
1115,3878,LEVIN SCHILLING,GER,2,0,0,100.0,0.0,0.0
1116,3185,MORITZ HANS,GER,15,3,0,100.0,20.0,0.0
1117,3123,SIMON UNGER,GER,16,2,0,100.0,12.5,0.0
1118,2017,ALEXANDER AVERDUNK,GER,16,3,0,100.0,18.75,0.0
1119,1588,FRANCIS BILODEAU,CAN,1,0,0,100.0,0.0,0.0
1120,6330,SAMUEL TIUKUVAARA,CAN,3,0,0,100.0,0.0,0.0
1121,1593,LUCAS UCHIDA,CAN,15,0,0,100.0,0.0,0.0
1122,6328,KEVIN ARC,FRA,2,0,0,100.0,0.0,0.0
1123,6327,MARVIN SILVA KÜHNE,SUI,1,0,0,100.0,0.0,0.0
1124,2789,MORITZ WALDLEBEN,SUI,1,0,0,100.0,0.0,0.0
1125,3427,DIMITRI VOGT,SUI,8,0,0,100.0,0.0,0.0
1126,6339,JUAN O RAW,IRL,1,0,0,100.0,0.0,0.0
1127,6335,NATHANIEL SPENCER,USA,3,0,0,100.0,0.0,0.0
1128,2261,MASAHIRO HIGUCHI,JPN,5,1,0,100.0,20.0,0.0
1129,6317,CARLOS JOSE CATARI RAMONES,ESP,5,0,0,100.0,0.0,0.0
1130,2427,MARTIN PENKOV,BUL,3,0,0,100.0,0.0,0.0
1131,7450,IRIS MANUEL MATAMOROS QUERO,ESP,1,0,0,100.0,0.0,0.0
1132,667,MATTHEW COUSINS,GBR,12,0,0,100.0,0.0,0.0
1133,6338,JONATHAN REDMOND,IRL,2,0,0,100.0,0.0,0.0
1134,882,RICCARDO PIAZZA,ITA,19,1,0,100.0,5.26,0.0
1135,3070,KENNETH ELVEGÅRD,NOR,8,0,0,100.0,0.0,0.0
1136,1721,ANDREW LAMB,USA,7,1,0,100.0,14.29,0.0
1137,4300,BAPTISTE OMETZ,SUI,18,5,0,100.0,27.78,0.0
1138,1255,ALFONS DORNAUER,AUT,29,4,0,100.0,13.79,0.0
1139,3460,GHOLAMALI BARATZADEH,IRI,25,8,0,100.0,32.0,0.0
1140,2588,DOMINIC BURNS,IRL,5,0,0,100.0,0.0,0.0
1141,6308,TERDPOL ARTAUI,THA,1,0,0,100.0,0.0,0.0
1142,3629,MUHAMMAD HILMAN HARON,SGP,2,0,0,100.0,0.0,0.0
1143,3645,LEE ZONG JUN NICHOLAS,SGP,3,0,0,100.0,0.0,0.0
1144,3643,AARON TAN,SGP,1,0,0,100.0,0.0,0.0
1145,858,ANDREA ZANONE,ITA,8,0,0,100.0,0.0,0.0
1146,7451,JORGE HERNANDEZ,COL,1,0,0,100.0,0.0,0.0
1147,6218,DONGGUN LEE,KOR,3,1,0,100.0,33.33,0.0
1148,7452,HANNES PLATON,SWE,1,0,0,100.0,0.0,0.0
1149,4230,SEBASTIAN PRIETO PERILLA,COL,2,0,0,100.0,0.0,0.0
1150,7457,MANUEL GUZMAN,COL,1,0,0,100.0,0.0,0.0
1151,7456,JOSE EMILIO DE LA CRUZ ALBARRACIN,PER,1,0,0,100.0,0.0,0.0
1152,7455,YOSSI BEN YOSSEF,ISR,1,0,0,100.0,0.0,0.0
1153,7454,CESAR ORJUELA,COL,1,0,0,100.0,0.0,0.0
1154,5804,JOVAN IVANOV,MKD,1,0,0,100.0,0.0,0.0
1155,6428,ALEXANDER ILIN,KAZ,2,0,0,100.0,0.0,0.0
1156,7453,SEVERIN CURTIS,RSA,1,0,0,100.0,0.0,0.0
1157,4231,ANGHELO BERNAL,COL,1,0,0,100.0,0.0,0.0
1158,6329,PETR HANDLIR,CZE,2,0,0,100.0,0.0,0.0
1159,6424,ERIK EBLER,SWE,2,0,0,100.0,0.0,0.0
1160,3849,ROBIN VICERY,DEN,1,0,0,100.0,0.0,0.0
1161,2423,BOZHIDAR LYUBENOV,BUL,3,0,0,100.0,0.0,0.0
1162,2590,DARAGH O CONNOR,IRL,3,0,0,100.0,0.0,0.0
1163,5841,BOGDAN RUS,ROU,3,0,0,100.0,0.0,0.0
1164,3896,FACUNDO LANGBEHN,CHI,3,0,0,100.0,0.0,0.0
1165,6164,LUKAS SCHNÖLLER,AUT,1,0,0,100.0,0.0,0.0
1166,4909,NIGEL CALLENDER,IRL,4,1,0,100.0,25.0,0.0
1167,4794,LUCA BALTENSPERGER,SUI,1,0,0,100.0,0.0,0.0
1168,6039,LÉON GENECAND,SUI,4,0,0,100.0,0.0,0.0
1169,850,STEFAN SCARPERI,ITA,37,7,0,100.0,18.92,0.0
1170,4828,ISTVÁN ÁGH,HUN,1,0,0,100.0,0.0,0.0
1171,4620,PETRO MARKEVYCH,UKR,1,0,0,100.0,0.0,0.0
1172,4825,MATUS KOSTKA,SVK,1,0,0,100.0,0.0,0.0
1173,4797,GEIR SÖDERIN,SWE,3,0,0,100.0,0.0,0.0
1174,854,MARCELLO BOMBARDI,ITA,21,0,0,100.0,0.0,0.0
1175,1476,VALERIY KRYUKOV,UKR,5,2,0,100.0,40.0,0.0
1176,6091,ADAM WATSON,GBR,3,1,0,100.0,33.33,0.0
1177,2938,ZIDA MA,CHN,11,2,0,100.0,18.18,0.0
1178,4856,JUSTIN JONES,CAN,1,0,0,100.0,0.0,0.0
1179,4855,CARLOS AUGUSTO GOUVEIA,BRA,1,0,0,100.0,0.0,0.0
1180,3134,ANDERSON GOUVEIA,BRA,1,0,0,100.0,0.0,0.0
1181,1713,JOSH LEVIN,USA,6,0,0,100.0,0.0,0.0
1182,4853,TASH CLEMENS ZIELINSKI,CAN,1,0,0,100.0,0.0,0.0
1183,4850,IAN DORY,USA,8,1,0,100.0,12.5,0.0
1184,48,SERGEI SINITCYN,RUS,1,0,0,100.0,0.0,0.0
1185,4364,KIPRAS BALTRUNAS,LTU,23,3,0,100.0,13.04,0.0
1186,2454,GIORGI GABULDANI,GEO,3,0,0,100.0,0.0,0.0
1187,6040,EREKLE MIKELADZE,GEO,2,0,0,100.0,0.0,0.0
1188,6119,PATRYK MOSKAL,POL,1,0,0,100.0,0.0,0.0
1189,5802,MIGUEL ANGEL HERNANDEZ MEDINA,MEX,3,0,0,100.0,0.0,0.0
1190,6082,KAROLIS RUTKAUSKAS,LTU,4,0,0,100.0,0.0,0.0
1191,6052,ANTON JOHANSONN,FIN,14,2,0,100.0,14.29,0.0
1192,6118,IGNACIO BILMES,ARG,1,0,0,100.0,0.0,0.0
1193,6455,ERICK CÓRDOVA A.,HON,1,0,0,100.0,0.0,0.0
1194,6117,DAVID LEANDRO SAIKIN,ARG,3,0,0,100.0,0.0,0.0
1195,5928,DIEGO LUIS GONZÁLEZ,MEX,4,0,0,100.0,0.0,0.0
1196,6116,ANDREW ZHIGAREV,UKR,9,0,0,100.0,0.0,0.0
1197,864,FRANCESCO VETTORATA,ITA,8,0,0,100.0,0.0,0.0
1198,6115,TOMAS VILA,ARG,1,0,0,100.0,0.0,0.0
1199,6092,SANTIAGO DE ALBA FLORES,MEX,9,0,0,100.0,0.0,0.0
1200,1564,ERIC SETHNA,CAN,14,1,0,100.0,7.14,0.0
1201,478,PASCAL GAGNEUX,FRA,8,0,0,100.0,0.0,0.0
1202,2798,ANTHONY GULLSTEN,FIN,15,5,0,100.0,33.33,0.0
1203,4849,ALEX JOHNSON,USA,3,0,0,100.0,0.0,0.0
1204,4846,NICOLAS SHERMAN CUEVO,COL,1,0,0,100.0,0.0,0.0
1205,4842,SHINPEI HASEGAWA,JPN,1,1,0,100.0,100.0,0.0
1206,4896,DIRK MOL,NED,1,0,0,100.0,0.0,0.0
1207,4911,ANDREW POST,CAN,1,0,0,100.0,0.0,0.0
1208,4803,IGNACIO SANCHEZ GONZÁLEZ,ESP,24,5,0,100.0,20.83,0.0
1209,4908,JAMES GARDEN,GBR,9,0,0,100.0,0.0,0.0
1210,4822,PETER PUTZ,AUT,4,0,0,100.0,0.0,0.0
1211,4827,LAURENZ RUDIGIER,AUT,2,0,0,100.0,0.0,0.0
1212,4981,MARKUS GRÜNEBACH,GER,1,0,0,100.0,0.0,0.0
1213,4809,MIKHAIL GOGOL,RUS,8,0,0,100.0,0.0,0.0
1214,4980,IMASHI HASHIMOTO,JPN,1,0,0,100.0,0.0,0.0
1215,4979,FRANCESCO CARTA,ITA,1,0,0,100.0,0.0,0.0
1216,4826,STEFAN AVRAMOV,BUL,3,0,0,100.0,0.0,0.0
1217,4813,ADRIAN MARGEA,ROU,5,0,0,100.0,0.0,0.0
1218,3890,MATHIAS CONRAD,GER,31,11,0,100.0,35.48,0.0
1219,4795,JURE BECAN,SLO,14,3,0,100.0,21.43,0.0
1220,4975,SAMUEL ADOLPH,GER,2,0,0,100.0,0.0,0.0
1221,90,ARTEM PETRAKOV,RUS,9,2,0,100.0,22.22,0.0
1222,4895,TOMAS MIDTUN TOBIASSEN,NOR,1,0,0,100.0,0.0,0.0
1223,4898,OLIVIER MIGNON,BEL,1,0,0,100.0,0.0,0.0
1224,4840,ROBERT D'ANASTASIO,USA,6,3,0,100.0,50.0,0.0
1225,4899,HANS BUSKER,NED,12,0,0,100.0,0.0,0.0
1226,4880,ALEXANDER VASILETS,BLR,1,0,0,100.0,0.0,0.0
1227,4879,ALEXANDER MASLOV,RUS,1,0,0,100.0,0.0,0.0
1228,4878,ALEXEY ILIN,RUS,1,0,0,100.0,0.0,0.0
1229,4754,GYULA JUHASZ,HUN,1,0,0,100.0,0.0,0.0
1230,4876,ARTEM GALUSHKO,RUS,1,0,0,100.0,0.0,0.0
1231,4875,EVGENIY CHERNYSHEV,RUS,1,0,0,100.0,0.0,0.0
1232,4874,DENIS ZHENDINSKIY,KAZ,1,0,0,100.0,0.0,0.0
1233,4873,SERGEY IVANOV,RUS,1,0,0,100.0,0.0,0.0
1234,4872,YEGOR MATVEENKO,RUS,1,0,0,100.0,0.0,0.0
1235,2926,LUYUAN CAI,CHN,1,0,0,100.0,0.0,0.0
1236,2927,QINGHUA WANG,CHN,7,1,0,100.0,14.29,0.0
1237,4902,BENJAMIN VIBERG,DEN,1,0,0,100.0,0.0,0.0
1238,3581,ELKO SCHELLINGERHOUT,NED,10,0,0,100.0,0.0,0.0
1239,4901,TRUONG NGO,NED,2,0,0,100.0,0.0,0.0
1240,4900,PIM CATTENSTART,NED,1,0,0,100.0,0.0,0.0
1241,6090,ROBERT RUNDIN,SWE,7,0,0,100.0,0.0,0.0
1242,6078,RIMU MURAKAMI,JPN,3,0,0,100.0,0.0,0.0
1243,1229,ELIAS WEILER,AUT,23,1,0,100.0,4.35,0.0
1244,6153,YOSUKE SENBONGI,JPN,4,1,0,100.0,25.0,0.0
1245,434,NICOLAS JANUEL,FRA,5,1,0,100.0,20.0,0.0
1246,6155,BABEK IBADOV,AZE,3,0,0,100.0,0.0,0.0
1247,2173,ANDRÁS KIRÁLY,HUN,2,0,0,100.0,0.0,0.0
1248,4399,ZOHRAB SHAHBALAYE,AZE,1,0,0,100.0,0.0,0.0
1249,6154,SEYMUR CAMALZADE,AZE,1,0,0,100.0,0.0,0.0
1250,3430,FRANZ KRAKENBERGER,SUI,4,0,0,100.0,0.0,0.0
1251,2174,TAMÁS FARKAS,HUN,6,0,0,100.0,0.0,0.0
1252,6152,VICTOR DRAGOI,ROU,4,0,0,100.0,0.0,0.0
1253,6079,MARTIN WATSON,GBR,2,0,0,100.0,0.0,0.0
1254,310,RAPHAEL FERNANDEZ,BEL,3,0,0,100.0,0.0,0.0
1255,2280,MAKOTO YAMAUCHI,JPN,18,7,0,100.0,38.89,0.0
1256,6151,SYLVAIN ROCHE,FRA,3,0,0,100.0,0.0,0.0
1257,1127,URBAN PRIMOZIC,SLO,3,1,0,100.0,33.33,0.0
1258,6150,TOM NEWMAN,GBR,8,0,0,100.0,0.0,0.0
1259,2931,HAIBIN QU,CHN,13,2,0,100.0,15.38,0.0
1260,2216,SIU-HEI TANG,HKG,8,0,0,100.0,0.0,0.0
1261,6158,ALEKSANDER ROMANOWSKI,POL,3,0,0,100.0,0.0,0.0
1262,2177,ZOLTÁN KOMJÁTI,HUN,2,0,0,100.0,0.0,0.0
1263,6159,GREGERS GATZWILLER,DEN,2,0,0,100.0,0.0,0.0
1264,1371,JAN JELIGA,CZE,3,0,0,100.0,0.0,0.0
1265,3855,BJØRN ARNEL IISAGER,DEN,24,0,0,100.0,0.0,0.0
1266,6163,ALESSIO GOSSO,ITA,1,0,0,100.0,0.0,0.0
1267,6175,DIEGO LOPEZ MONTULL,MEX,2,0,0,100.0,0.0,0.0
1268,6174,MICHAEL BAUTISTA,USA,1,0,0,100.0,0.0,0.0
1269,1745,MICHAEL O'ROURKE,USA,10,2,0,100.0,20.0,0.0
1270,1722,ALEX FRITZ,USA,1,1,0,100.0,100.0,0.0
1271,6198,DIMITRIOS SPARIS,GRE,1,0,0,100.0,0.0,0.0
1272,6197,MARTIN MAYER,GER,1,0,0,100.0,0.0,0.0
1273,6176,DANIEL GINGRAS,CAN,2,0,0,100.0,0.0,0.0
1274,5386,LARS BELL,GER,1,0,0,100.0,0.0,0.0
1275,5627,MARKUS JUNG,GER,1,0,0,100.0,0.0,0.0
1276,6196,RICARDO MORELLI,GER,1,0,0,100.0,0.0,0.0
1277,6195,JONAS WINTER,GER,4,0,0,100.0,0.0,0.0
1278,2574,ALEXANDER MEGOS,GER,18,11,0,100.0,61.11,0.0
1279,4940,TATSUMI NITTA,JPN,2,0,0,100.0,0.0,0.0
1280,2211,SIN-FAI HO,HKG,10,1,0,100.0,10.0,0.0
1281,2929,QIXIN ZHONG,CHN,4,0,0,100.0,0.0,0.0
1282,6145,HONGSHU QIU,CHN,4,2,0,100.0,50.0,0.0
1283,1736,AUSTIN GEIMAN,USA,15,1,0,100.0,6.67,0.0
1284,6080,MELLE VROOM,NED,1,0,0,100.0,0.0,0.0
1285,3138,PEDRO FERREIRA NICOLOSO,BRA,8,0,0,100.0,0.0,0.0
1286,4508,YOHANN DARD,FRA,3,0,0,100.0,0.0,0.0
1287,3582,TIM REUSER,NED,8,2,0,100.0,25.0,0.0
1288,6088,MATTY HONG,USA,2,1,0,100.0,50.0,0.0
1289,6003,AKIN TASKIRAN,TUR,2,0,0,100.0,0.0,0.0
1290,6083,BURAK DULGEROGLU,TUR,3,0,0,100.0,0.0,0.0
1291,6087,CARLOS EDUARDO GARCÍA VERDUZCO,MEX,1,0,0,100.0,0.0,0.0
1292,95,YURY TAKZHANOV,RUS,2,0,0,100.0,0.0,0.0
1293,6086,CARLOS PRECIADO BRIÓN,ESP,2,0,0,100.0,0.0,0.0
1294,5256,EDUARD MARIN GARCIA,ESP,1,0,0,100.0,0.0,0.0
1295,6010,CARLOS CATARI,VEN,1,1,0,100.0,100.0,0.0
1296,6093,ASHLEIGH WOLSEY-HEARD,GBR,1,0,0,100.0,0.0,0.0
1297,5036,EIRIK BIRKELUND OLSEN,NOR,1,0,0,100.0,0.0,0.0
1298,2589,ROB HUNTER,IRL,1,0,0,100.0,0.0,0.0
1299,6081,WOLTER WESTDIJK,NED,1,0,0,100.0,0.0,0.0
1300,6063,DAVID WETMORE,USA,2,0,0,100.0,0.0,0.0
1301,6144,AKITO TSUMORI,JPN,1,1,0,100.0,100.0,0.0
1302,6072,MATT WILDER,USA,3,0,0,100.0,0.0,0.0
1303,6056,MARIÁN ŠELIGA,SVK,7,0,0,100.0,0.0,0.0
1304,6055,JURAJ RAVAS,SVK,4,0,0,100.0,0.0,0.0
1305,5559,HAFZANIZAM BOKHARI,MAS,3,1,0,100.0,33.33,0.0
1306,6054,LEOPOLD FISCHER,AUT,1,0,0,100.0,0.0,0.0
1307,6053,ARJAN DE KOCK,RSA,1,0,0,100.0,0.0,0.0
1308,5437,ETHAN PRINGLE,USA,5,1,0,100.0,20.0,0.0
1309,1128,JURE RAZTRESEN,SLO,2,0,0,100.0,0.0,0.0
1310,1129,DOMEN SKOFIC,SLO,22,6,0,100.0,27.27,0.0
1311,6066,GREG PADOVANI,USA,1,0,0,100.0,0.0,0.0
1312,6064,MILES ADAMSON,CAN,2,1,0,100.0,50.0,0.0
1313,6062,LUKE MULLER,CAN,1,0,0,100.0,0.0,0.0
1314,6061,JOSH MULLER,CAN,2,1,0,100.0,50.0,0.0
1315,6073,RYAN SEWELL,USA,1,0,0,100.0,0.0,0.0
1316,1735,JOSH LARSON,USA,16,2,0,100.0,12.5,0.0
1317,6065,SHIGEO IWAI,JPN,2,0,0,100.0,0.0,0.0
1318,2045,HONG IL KIM,KOR,1,0,0,100.0,0.0,0.0
